status,query,num_relevant,relevant_claim_extra_count,relevant_claim_1,relevant_claim_2,relevant_claim_3,relevant_claim_4,relevant_claim_5,relevant_claim_6,relevant_claim_7,relevant_claim_8,relevant_claim_9,relevant_claim_10,relevant_claim_1_maxsim,relevant_claim_2_maxsim,relevant_claim_3_maxsim,relevant_claim_4_maxsim,relevant_claim_5_maxsim,relevant_claim_6_maxsim,relevant_claim_7_maxsim,relevant_claim_8_maxsim,relevant_claim_9_maxsim,relevant_claim_10_maxsim,candidate_k,rerank_k,candidate_hit,candidate_hits_count,candidate_first_relevant_rank,candidate_relevant_ranks,reranked_hit_at_10,reranked_hits_at_10,reranked_first_relevant_rank,reranked_relevant_ranks_at_10,precision@10,recall@10,ndcg@10,mrr@10,reranked_top1_claim_id,reranked_top2_claim_id,reranked_top3_claim_id,reranked_top4_claim_id,reranked_top5_claim_id,reranked_top6_claim_id,reranked_top7_claim_id,reranked_top8_claim_id,reranked_top9_claim_id,reranked_top10_claim_id,reranked_top1_maxsim,reranked_top2_maxsim,reranked_top3_maxsim,reranked_top4_maxsim,reranked_top5_maxsim,reranked_top6_maxsim,reranked_top7_maxsim,reranked_top8_maxsim,reranked_top9_maxsim,reranked_top10_maxsim,reranked_top1_is_relevant,reranked_top2_is_relevant,reranked_top3_is_relevant,reranked_top4_is_relevant,reranked_top5_is_relevant,reranked_top6_is_relevant,reranked_top7_is_relevant,reranked_top8_is_relevant,reranked_top9_is_relevant,reranked_top10_is_relevant,reranked_top1_claim_text,reranked_top2_claim_text,reranked_top3_claim_text,reranked_top4_claim_text,reranked_top5_claim_text,reranked_top6_claim_text,reranked_top7_claim_text,reranked_top8_claim_text,reranked_top9_claim_text,reranked_top10_claim_text
evaluated,Detecting robot motion-cycle failure modes by capturing images at specific poses and classifying them with a CNN,1,0,12403596-CLM-1,,,,,,,,,,2260.79248,,,,,,,,,,400,200,TRUE,1,1,1,TRUE,1,1,1,0.1,1,1,1,12403596-CLM-1,12403596-CLM-8,12403600-CLM-4,12403596-CLM-15,12403600-CLM-1,12403602-CLM-19,12403602-CLM-18,12403600-CLM-5,12403602-CLM-9,12403596-CLM-2,2260.79248,2095.618652,2066.995361,2060.60791,2013.777344,2007.668213,2007.668213,2000.42981,1984.944458,1961.128296,TRUE,FALSE,FALSE,FALSE,FALSE,FALSE,FALSE,FALSE,FALSE,FALSE,"1. A method of detecting failure modes in a robotic motion environment, the method comprising:
collecting one or more images of a scene, wherein the one or more images are taken while a robot is in a first position of a motion cycle of the robot;
providing the one or more images of the scene taken while the robot is in the first position as a first input to a convolutional neural network;
determining, based at least in part on an output of the convolutional neural network, that a failure mode is not present in the scene, wherein the output is generated by the convolutional neural network based on the one or more images taken while the robot is in the first position;
collecting one or more new images of the scene, wherein the one or more new images are taken while the robot is in a second position, and wherein the second position occurs after the first position in the motion cycle of the robot;
providing the one or more new images of the scene taken while the robot is in the second position as a second input to the convolutional neural network;
determining, based at least in part on a second output of the convolutional neural network, that a second failure mode is present in the scene, wherein the second output is generated by the convolutional neural network based on the one or more new images taken while the robot is in the second position; and
in response to determining that the second failure mode is present in the scene, pausing motion of the robot.","provide the one or more new images of the scene taken while the robot is in the second position as a second input to the convolutional neural network; determine, based at least in part on a second output of the convolutional neural network, that a second failure mode is present in the scene, wherein the second output is generated by the convolutional neural network based on the one or more new images taken while the robot is in the second position; and in response to determining that the second failure mode is present in the scene, pause motion of the robot.","4. A motion data generating method for a robot provided with at least a waist and a leg, the method comprising:
acquiring captured leg motion data captured from a motion of the separating leg of a test subject and captured waist motion data captured from a motion of the waist;
smoothing the captured leg motion data, performing peak detection, and extracting at least a separation starting point, a peak position, and a separation ending point as representative points;
converting the captured leg motion data and the captured waist motion data at the representative point to a scale of the robot;
setting up a target zero moment point (ZMP) of the robot at the representative point;
generating postures of the leg and the waist of the robot for every step in accordance with a control cycle of the robot between the representative points by interpolation;
generating motion data in which the postures of the leg and the waist of the robot for each step are modified so as to satisfy the target ZMP;
performing the peak detection individually with respect to a position of three-dimensional coordinates of a foot tip in a x-direction, in a y-direction, and in a z-direction, and also for an angle of a roll axis, an angle of a pitch axis, and an angle of a pitch axis; and
adding all detected representative points, and performing thinning on the representative points that have a plurality of time widths at intervals equal to or less than a predetermined time interval.","15. One or more non-transitory computer-readable storage media having program instructions stored thereon, wherein the program instructions, when read and executed by a computing system, direct the computing system to perform operations, the operations comprising:
collecting one or more images of a scene, wherein the one or more images are taken while a robot is in a first position of a motion cycle of the robot;
providing the one or more images of the scene taken while the robot is in the first position as a first input to a convolutional neural network;
determining, based at least in part on an output of the convolutional neural network, that a failure mode is not present in the scene, wherein the output is generated by the convolutional neural network based on the one or more images taken while the robot is in the first position;
collecting one or more new images of the scene, wherein the one or more new images are taken while the robot is in a second position, and wherein the second position occurs after the first position in the motion cycle of the robot;
providing the one or more new images of the scene taken while the robot is in the second position as a second input to the convolutional neural network;
determining, based at least in part on a second output of the convolutional neural network, that a second failure mode is present in the scene, wherein the second output is generated by the convolutional neural network based on the one or more new images taken while the robot is in the second position; and
in response to determining that the second failure mode is present in the scene, pausing motion of the robot.","1. A motion data generating system for a robot provided with at least a waist and a leg, the motion data generating system comprising:
a central processing unit that:
acquires captured leg motion data captured from a motion of the separating leg of a test subject and captured waist motion data captured from a motion of the waist;
smooths the captured leg motion data, performs peak detection, and extracts at least a separation starting point, a peak position, and a separation ending point as representative points;
converts the captured leg motion data and the captured waist motion data at the representative point to a scale of the robot;
sets up a target zero moment point (ZMP) of the robot at the representative point;
generates postures of the leg and the waist of the robot for every step in accordance with a control cycle of the robot between the representative points by interpolation;
generates motion data in which the postures of the leg and the waist of the robot for each step are modified so as to satisfy the target ZMP;
performs the peak detection individually with respect to a position of three-dimensional coordinates of a foot tip in a x-direction, in a y-direction, and in a z-direction, and also for an angle of a roll axis, an angle of a pitch axis, and an angle of a pitch axis; and
adds all detected representative points, and performs thinning on the representative points that have a plurality of time widths at intervals equal to or less than a predetermined time interval.","generate a motion plan for a robot that avoids having the robot collide with the object based on: the predicted motion of the object; determining a transformation between the reference frame of the image and a reference frame of the robot, the determined transformation between the reference frame of the image and the reference frame of the robot enabling conversion from locations in the image to locations in relation to the robot; and determining a time varying model of the object based on the predicted motion of the object.","generate a motion plan for a robot that avoids having the robot collide with the object based on: the predicted motion of the object; determining a transformation between the reference frame of the image and a reference frame of the robot, the determined transformation between the reference frame of the image and the reference frame of the robot enabling conversion from locations in the image to locations in relation to the robot; and determining a time varying model of the object based on the predicted motion of the object.","5. A non-transitory storage medium storing a motion data generating program for a robot provided with at least a waist and a leg, the motion data generating program executed by a computer operating as an arithmetic device, comprising:
acquiring captured leg motion data captured from a motion of the separating leg of a test subject and captured waist motion data captured from a motion of the waist;
smoothing the captured leg motion data, performing peak detection, and extracting at least a separation starting point, a peak position, and a separation ending point as representative points;
converting the captured leg motion data and the captured waist motion data at the representative point to a scale of the robot;
setting up a target zero moment point (ZMP) of the robot at the representative point;
generating postures of the leg and the waist of the robot for every step in accordance with a control cycle of the robot between the representative points by interpolation;
generating motion data in which the postures of the leg and the waist of the robot for each step are modified so as to satisfy the target ZMP;
performing the peak detection individually with respect to a position of three-dimensional coordinates of a foot tip in a x-direction, in a y-direction, and in a z-direction, and also for an angle of a roll axis, an angle of a pitch axis, and an angle of a pitch axis; and
adding all detected representative points, and performing thinning on the representative points that have a plurality of time widths at intervals equal to or less than a predetermined time interval.","9. The method of claim 1, wherein predicting motion of the object based on at least one of the detected type of the object, the detected location of the object, and the model of object motion comprises at least one of:
processing the image of the object using a neural network trained to estimate future position of the object based on at least one image of the object having a reference frame;
processing the image of the object using a neural network trained to determine motion of the object based on a successive set of images;
performing the simulation using (i) the physics-based dynamics model of the object with velocity and acceleration inputs obtained by differentiating successive poses of the object and (ii) the Bayesian estimator configured to employ a fixed set of equations of motion which model motion of the object;
processing images of the object using optical flow which tracks motion of pixels associated with the object in the image and determines center-of-mass velocity of the object;
examining a database of recorded candidate object motions and interpolating between the candidate object motions to determine the predicted motion of the object; and
determining occupancy of the object in one or more safety zones around the detected location of the object, where occupancy is determined based on (i) object pose or (ii) transforming depth estimates of pixels in the image, which are segmented and determined to belong to the object, into a point cloud in the reference frame of the robot.","2. The method of claim 1, further comprising generating, at least in part by the convolutional neural network, a segmentation prediction based on the one or more images taken while the robot is in the first position, wherein the segmentation prediction identifies one or more distinct objects in the scene for picking by the robot, and wherein determining whether the failure mode is present in the scene is based at least in part on the segmentation prediction."
evaluated,Using a neural network to generate pixel-wise segmentation of a robot workcell scene to help identify failures at a given robot position,1,0,12403596-CLM-2,,,,,,,,,,2772.533447,,,,,,,,,,400,200,TRUE,1,2,2,TRUE,1,3,3,0.1,1,0.5,0.333333333,12403596-CLM-8,12403596-CLM-15,12403596-CLM-2,12403596-CLM-1,12403596-CLM-9,12403596-CLM-16,12403602-CLM-11,12406374-CLM-14,12403594-CLM-10,12406374-CLM-1,2812.852295,2779.610107,2772.533447,2771.416992,2761.014893,2745.590576,2647.36499,2608.134766,2599.132812,2579.970215,FALSE,FALSE,TRUE,FALSE,FALSE,FALSE,FALSE,FALSE,FALSE,FALSE,"provide the one or more new images of the scene taken while the robot is in the second position as a second input to the convolutional neural network; determine, based at least in part on a second output of the convolutional neural network, that a second failure mode is present in the scene, wherein the second output is generated by the convolutional neural network based on the one or more new images taken while the robot is in the second position; and in response to determining that the second failure mode is present in the scene, pause motion of the robot.","15. One or more non-transitory computer-readable storage media having program instructions stored thereon, wherein the program instructions, when read and executed by a computing system, direct the computing system to perform operations, the operations comprising:
collecting one or more images of a scene, wherein the one or more images are taken while a robot is in a first position of a motion cycle of the robot;
providing the one or more images of the scene taken while the robot is in the first position as a first input to a convolutional neural network;
determining, based at least in part on an output of the convolutional neural network, that a failure mode is not present in the scene, wherein the output is generated by the convolutional neural network based on the one or more images taken while the robot is in the first position;
collecting one or more new images of the scene, wherein the one or more new images are taken while the robot is in a second position, and wherein the second position occurs after the first position in the motion cycle of the robot;
providing the one or more new images of the scene taken while the robot is in the second position as a second input to the convolutional neural network;
determining, based at least in part on a second output of the convolutional neural network, that a second failure mode is present in the scene, wherein the second output is generated by the convolutional neural network based on the one or more new images taken while the robot is in the second position; and
in response to determining that the second failure mode is present in the scene, pausing motion of the robot.","2. The method of claim 1, further comprising generating, at least in part by the convolutional neural network, a segmentation prediction based on the one or more images taken while the robot is in the first position, wherein the segmentation prediction identifies one or more distinct objects in the scene for picking by the robot, and wherein determining whether the failure mode is present in the scene is based at least in part on the segmentation prediction.","1. A method of detecting failure modes in a robotic motion environment, the method comprising:
collecting one or more images of a scene, wherein the one or more images are taken while a robot is in a first position of a motion cycle of the robot;
providing the one or more images of the scene taken while the robot is in the first position as a first input to a convolutional neural network;
determining, based at least in part on an output of the convolutional neural network, that a failure mode is not present in the scene, wherein the output is generated by the convolutional neural network based on the one or more images taken while the robot is in the first position;
collecting one or more new images of the scene, wherein the one or more new images are taken while the robot is in a second position, and wherein the second position occurs after the first position in the motion cycle of the robot;
providing the one or more new images of the scene taken while the robot is in the second position as a second input to the convolutional neural network;
determining, based at least in part on a second output of the convolutional neural network, that a second failure mode is present in the scene, wherein the second output is generated by the convolutional neural network based on the one or more new images taken while the robot is in the second position; and
in response to determining that the second failure mode is present in the scene, pausing motion of the robot.","9. The system of claim 8, wherein the program instructions, when read and executed by the processing system, further direct the processing system to generate, at least in part by the convolutional neural network, a segmentation prediction based on the one or more images taken while the robot is in the first position, wherein the segmentation prediction identifies one or more distinct objects in the scene for picking by the robot, and wherein determining whether the failure mode is present in the scene is based at least in part on the segmentation prediction.","16. The one or more non-transitory computer-readable storage media of claim 15, the operations further comprising generating, at least in part by the convolutional neural network, a segmentation prediction based on the one or more images taken while the robot is in the first position, wherein the segmentation prediction identifies one or more distinct objects in the scene for picking by the robot, and wherein determining whether the failure mode is present in the scene is based at least in part on the segmentation prediction.","11. The method of claim 1, wherein generating a motion plan for the robot includes at least one of:
selecting a given motion plan from a library of candidate motion plans; and
in real-time, re-planning a previously planned motion plan for the robot using a neural network configured to generate a motion plan using the predicted motion of the object as an input.","14. A bin-picking system for picking objects from a bin, comprising:
an end-tool configured to pickup an object from among the objects;
a robot arm including the end-tool, wherein the robot arm is configured to be driven by control signals that include end-tool signals to pickup the object from the bin using the end-tool;
an interface configured to transmit and receive the control signals, sensor signals of sensors arranged on the robot arm, imaging signals of at least one imaging device;
a memory configured to store instructions of a robot control program, and a classifier and a trained neural network that segments instances from the objects in the depth image, the trained neural network having been trained by a computer-implemented method of claim 8; and
a processor, coupled with the memory, configured to perform the instructions to segment a pickable instance using the trained neural network and generate the control signals that drive the robot arm and the end-tool, wherein steps of the instructions comprise:
selecting a tallest point in the depth image;
defining a region using a shape such that the region surrounds the tallest point;
sampling points in the region of the depth image;
computing depth-geodesics between the tallest point and the sampled points;
submitting the depth-geodesics to the neural network to segment the pickable instance among instances of the objects in the depth image;
generating a geometrical feature of the pickable instance and the control signals based on the imaging signals; and
transmitting the generated geometrical feature and generated control signals to the robot arm such that the end-tool pickups the object corresponding to the pickable instance from the bin using the end-tool.","10. A robot system comprising:
a robot manipulator equipped with an end effector;
a robot controller comprising a processor configured to control the robot manipulator;
a teaching operation device being connected to the robot controller and including an image capture device; and
a storage in which a feature extraction model for performing image detection of the robot manipulator is stored, wherein the processor is further configured to:
detect, as a relative position with respect to the robot manipulator, a position in a three-dimensional space from an image in which at least part of the robot manipulator is captured, the image being captured by the image capture device and the position being related to a designated position designated on the image, by using the feature extraction model and position and posture information of the robot manipulator;
set a control center for controlling operation of the robot manipulator to the position detected in the three-dimensional space by translating an origin of a flange coordinate system preset at a center of a flange of the robot manipulator to the position detected in the three-dimensional space; and
execute position control of the control center of the robot manipulator.","1. An imaging controller for segmenting instances from depth images including objects to be manipulated by a robot comprising:
an input interface configured to receive a depth image that includes objects;
a memory configured to store instructions and a neural network trained to segment instances from the objects in the depth image; and
a processor, coupled with the memory, configured to perform the instructions to segment a pickable instance using the trained neural network, wherein steps of the instructions comprise:
selecting a tallest point in the depth image;
defining a region using a shape such that the region surrounds the tallest point;
sampling points in the region of the depth image;
computing depth-geodesics between the tallest point and the sampled points;
submitting the depth-geodesics to the neural network to segment the pickable instance among instances of the objects in the depth image; and
an output interface configured to output a geometrical feature of the pickable instance to a manipulator controller of the robot."
evaluated,Combined-cycle plant using hydrogen/oxygen combustion to reheat steam before a downstream steam turbine stage,1,0,12404805-CLM-1,,,,,,,,,,2364.49292,,,,,,,,,,400,200,TRUE,1,1,1,TRUE,1,1,1,0.1,1,1,1,12404805-CLM-1,12404783-CLM-10,12404805-CLM-4,12404784-CLM-2,12404805-CLM-3,12404784-CLM-9,12404464-CLM-1,12404784-CLM-4,12404784-CLM-3,12404805-CLM-5,2364.49292,2114.485107,2112.722168,2106.877686,2086.4729,2083.242676,2015.819946,2006.69104,2006.569702,2000.574951,TRUE,FALSE,FALSE,FALSE,FALSE,FALSE,FALSE,FALSE,FALSE,FALSE,"1. A combined cycle power generation facility comprising:
a gas turbine;
a first heat recovery steam generator including a first steam generation part which uses a heat quantity of an exhaust gas from the gas turbine to generate steam, and a reheat part which reheats steam;
a first steam turbine to which the steam generated by the first steam generation part is introduced;
a combustor which combusts hydrogen and oxygen;
a reheat steam pipe connecting a steam outlet of the first steam turbine and the combustor with the reheat part interposed therebetween;
a second steam turbine which is coupled to the combustor and to which steam discharged from the combustor is introduced;
a second heat recovery steam generator including a second steam generation part which uses a heat quantity of steam discharged from the second steam turbine to generate steam;
a third steam turbine to which the steam generated by the second steam generation part is introduced; and
a condenser which changes steam discharged from the third steam turbine into condensed water.","10. A method for revamping a plant comprising an ammonia-producing and a urea-producing unit comprising a gas compressor and a steam turbine fluidly connected to the ammonia-producing unit for receiving steam produced by the ammonia-producing unit, connected to the gas compressor for providing power to the gas compressor, and a natural gas boiler connected to the steam turbine, the method comprising steps of:
installing an electric motor connected to the gas compressor,
disconnecting the natural gas boiler from the steam turbine such that the steam turbine receives steam only from the ammonia-producing unit,
providing power from the steam turbine to the gas compressor during continuous operation of the urea-producing unit, which is a continuous phase in a production cycle wherein the urea-producing unit produces urea and operates at a given working load; and
continuously providing power from the electric motor to the gas compressor during continuous operation of the urea-producing unit while simultaneously providing power from the steam turbine to the gas compressor.","4. The combined cycle power generation facility according to claim 1, wherein:
the first heat recovery steam generator comprises
a third steam generation part which generates steam with a pressure lower than a pressure of the steam generated by the first steam generation part; and
the steam generated by the third steam generation part is introduced to a predetermined turbine stage of the third steam turbine.","2. The configuration of the modified Rankine-cycle power-plant without cycle-heat rejection and driven by a wet-vapor-region thermocompressor of claim 1, further comprising the use of an additional heat exchanger/superheater (6) for isobaric heat addition to the saturated vapor (gas fraction) separated in the said cylindrical separator/separation tank (2), to the end superheating of the saturated vapor and thus enabling the said backpressure steam turbine (1) to operate with superheated steam at its inlet, resulting in an increased steam-turbine specific work for the same expansion pressure ratio; whereby the said steam compressor (18) precedes the said additional heat exchanger/superheater (6) of the saturated vapor—the gas fraction being separated in the said cylindrical separator/separation tank (2)), which itself precedes the said backpressure steam turbine (1).","3. The combined cycle power generation facility according to claim 1, wherein steam discharged from the second heat recovery steam generator is introduced to a predetermined turbine stage of the third steam turbine.","9. A method for regulation of the cycle output/load of the proposed modified Rankine-cycle power-plant without cycle-heat rejection of claim 1 in working regimes other than the nominal working regime, using either (a) qualitative regulation of the cycle output/load by alteration of the steam-turbine inlet temperature via the cycle heat input or (b) quantitative regulation of the cycle output/load by alteration of the steam-turbine mass flow rate using bypassing of the said backpressure steam turbine (1) via a bypass valve and a subsequent external cooling of the corresponding portion of the steam-turbine bypass mass flow rate using an external water or air cooler (17), up to the steam-turbine (1) outlet temperature existing in the nominal cycle working regime.","1. A method for the purification and treatment of a secondary hydrocarbon stream comprising:
(a). evaporating the secondary hydrocarbon stream, optionally in the presence of steam, to obtain a secondary gaseous hydrocarbon stream and optionally a secondary residue;
(b). evaporating a primary hydrocarbon stream in the presence of steam to obtain a primary gaseous hydrocarbon stream and optionally a primary residue;
(c). combining the secondary gaseous hydrocarbon stream with the primary gaseous hydrocarbon stream optionally in the presence of additional steam, to obtain a combined hydrocarbon and steam mixture;
(d). thermally cracking the combined hydrocarbon and steam mixture under conditions enabling production of ethylene and propylene;

wherein solids are removed from the secondary hydrocarbon stream prior to evaporation step (a),
the secondary hydrocarbon stream has a final boiling point different than the primary hydrocarbon stream, and
the primary gaseous hydrocarbon stream and secondary gaseous hydrocarbon stream are both substantially gaseous when they are combined.","4. The configuration of the modified Rankine-cycle power-plant without cycle-heat rejection and driven by a wet-vapor-region thermocompressor of claim 2, whereby the said cylindrical separator/separation tank (2) used for as-complete-as-possible separation of the wet water-vapor mixture exiting the said diffuser (15) of the said thermocompressor (10), using: (i) a baffle-plate steam separator having the said cylindrical separation tank (2) fitted with two (2) to three (3) baffle plates, which serve to change the direction of the incoming steam flow when the steam strikes the baffle plates, prompting heavier water particles contained in the steam-water mixture to fall down to the bottom of the separation tank, while the separated steam is freed from water particles and passed to the said backpressure steam turbine (1); or (ii) a centrifugal/cyclone steam separator for more turbulent flows, having the said cylindrical separation tank (2) fitted with at least one cyclone, which utilizes centrifugal force to separate water and steam from the steam-water mixture, whereby the steam-water mixture is forced to move around the cyclone and make the rotation.","3. The configuration of the modified Rankine-cycle power-plant without cycle-heat rejection and driven by a wet-vapor-region thermocompressor of claim 1, whereby the said cylindrical separator/separation tank (2) used for as-complete-as-possible separation of the wet water-vapor mixture exiting the said diffuser (15) of the said thermocompressor (10), using: (i) a baffle-plate steam separator having the said cylindrical separation tank (2) fitted with two (2) to three (3) baffle plates, which serve to change the direction of the incoming steam flow when the steam strikes the baffle plates, prompting heavier water particles contained in the steam-water mixture to fall down to the bottom of the separation tank, while the separated steam is freed from water particles and passed to the said backpressure steam turbine (1); or (ii) a centrifugal/cyclone steam separator for more turbulent flows, having the said cylindrical separation tank (2) fitted with at least one cyclone, which utilizes centrifugal force to separate water and steam from the steam-water mixture, whereby the steam-water mixture is forced to move around the cyclone and make the rotation.","5. The combined cycle power generation facility according to claim 1, further comprising
a condensed water supply system which supplies condensed water produced by the condenser to the first heat recovery steam generator and the second heat recovery steam generator."
evaluated,Setting the reheat steam pressure for a third steam turbine relative to upstream turbine outlet conditions in a heat-recovery steam generator cycle,1,0,12404805-CLM-2,,,,,,,,,,2782.55127,,,,,,,,,,400,200,TRUE,1,5,5,TRUE,1,6,6,0.1,1,0.356207187,0.166666667,12404805-CLM-1,12404784-CLM-9,12404805-CLM-4,12404805-CLM-3,12404784-CLM-2,12404805-CLM-2,12404591-CLM-1,12406775-CLM-1,12404783-CLM-10,12404805-CLM-5,3068.330078,2940.06958,2909.600342,2873.490234,2865.655029,2782.55127,2697.84375,2684.770508,2650.156982,2650.049805,FALSE,FALSE,FALSE,FALSE,FALSE,TRUE,FALSE,FALSE,FALSE,FALSE,"1. A combined cycle power generation facility comprising:
a gas turbine;
a first heat recovery steam generator including a first steam generation part which uses a heat quantity of an exhaust gas from the gas turbine to generate steam, and a reheat part which reheats steam;
a first steam turbine to which the steam generated by the first steam generation part is introduced;
a combustor which combusts hydrogen and oxygen;
a reheat steam pipe connecting a steam outlet of the first steam turbine and the combustor with the reheat part interposed therebetween;
a second steam turbine which is coupled to the combustor and to which steam discharged from the combustor is introduced;
a second heat recovery steam generator including a second steam generation part which uses a heat quantity of steam discharged from the second steam turbine to generate steam;
a third steam turbine to which the steam generated by the second steam generation part is introduced; and
a condenser which changes steam discharged from the third steam turbine into condensed water.","9. A method for regulation of the cycle output/load of the proposed modified Rankine-cycle power-plant without cycle-heat rejection of claim 1 in working regimes other than the nominal working regime, using either (a) qualitative regulation of the cycle output/load by alteration of the steam-turbine inlet temperature via the cycle heat input or (b) quantitative regulation of the cycle output/load by alteration of the steam-turbine mass flow rate using bypassing of the said backpressure steam turbine (1) via a bypass valve and a subsequent external cooling of the corresponding portion of the steam-turbine bypass mass flow rate using an external water or air cooler (17), up to the steam-turbine (1) outlet temperature existing in the nominal cycle working regime.","4. The combined cycle power generation facility according to claim 1, wherein:
the first heat recovery steam generator comprises
a third steam generation part which generates steam with a pressure lower than a pressure of the steam generated by the first steam generation part; and
the steam generated by the third steam generation part is introduced to a predetermined turbine stage of the third steam turbine.","3. The combined cycle power generation facility according to claim 1, wherein steam discharged from the second heat recovery steam generator is introduced to a predetermined turbine stage of the third steam turbine.","2. The configuration of the modified Rankine-cycle power-plant without cycle-heat rejection and driven by a wet-vapor-region thermocompressor of claim 1, further comprising the use of an additional heat exchanger/superheater (6) for isobaric heat addition to the saturated vapor (gas fraction) separated in the said cylindrical separator/separation tank (2), to the end superheating of the saturated vapor and thus enabling the said backpressure steam turbine (1) to operate with superheated steam at its inlet, resulting in an increased steam-turbine specific work for the same expansion pressure ratio; whereby the said steam compressor (18) precedes the said additional heat exchanger/superheater (6) of the saturated vapor—the gas fraction being separated in the said cylindrical separator/separation tank (2)), which itself precedes the said backpressure steam turbine (1).","2. The combined cycle power generation facility according to claim 1, wherein a pressure of the steam to be introduced to the third steam turbine is higher than a pressure of the steam discharged from the second steam turbine.","1. A system comprising:
a high temperature electrolyser,
a first supply line of the electrolyser configured to supply the electrolyser with steam,
a first discharge line of the electrolyser configured to discharge dihydrogen from the electrolyser,
a second discharge line of the electrolyser configured to discharge dioxygen from the electrolyser,
a first heat exchange module configured to ensure a heat exchange between the first supply line and the first discharge line,
a steam generator arranged on the first supply line, upstream from the first heat exchange module, and configured to produce steam from liquid water, and
a module for depressing a section of the first supply line, the module comprising a first expansion device configured to lower an evaporation temperature of water in the first supply line and a first compressor configured to compress steam in the supply line heated by the first heat exchange module, the first expansion device being arranged on the first supply line upstream from the steam generator and the first compressor being arranged on the first supply line downstream from the steam generator.","the steam driven pump drives the liquid water to flow into the third pipe through the water outlet, and flows to the feedwater inlet of the steam generator, a second amount of steam generated from heat absorption by the steam generator flows to the steam port of the steam driven pump through the fourth pipe to drive the steam driven pump, wherein the steam outlet of the steam generator communicates directly with the steam port of the steam driven pump and the heat exchanger inlet.","10. A method for revamping a plant comprising an ammonia-producing and a urea-producing unit comprising a gas compressor and a steam turbine fluidly connected to the ammonia-producing unit for receiving steam produced by the ammonia-producing unit, connected to the gas compressor for providing power to the gas compressor, and a natural gas boiler connected to the steam turbine, the method comprising steps of:
installing an electric motor connected to the gas compressor,
disconnecting the natural gas boiler from the steam turbine such that the steam turbine receives steam only from the ammonia-producing unit,
providing power from the steam turbine to the gas compressor during continuous operation of the urea-producing unit, which is a continuous phase in a production cycle wherein the urea-producing unit produces urea and operates at a given working load; and
continuously providing power from the electric motor to the gas compressor during continuous operation of the urea-producing unit while simultaneously providing power from the steam turbine to the gas compressor.","5. The combined cycle power generation facility according to claim 1, further comprising
a condensed water supply system which supplies condensed water produced by the condenser to the first heat recovery steam generator and the second heat recovery steam generator."
evaluated,Highly sensitive capacitive strain sensor that exploits fractured or fragmented carbon-nanotube electrodes to amplify resistance change under strain,1,0,12405102-CLM-1,,,,,,,,,,2762.362061,,,,,,,,,,400,200,TRUE,1,3,3,TRUE,1,2,2,0.1,1,0.630929754,0.5,12405102-CLM-19,12405102-CLM-1,12405102-CLM-10,12405102-CLM-20,12405102-CLM-8,12405102-CLM-9,12405181-CLM-14,12405102-CLM-7,12406963-CLM-14,12404535-CLM-3,2936.19458,2762.362061,2737.053711,2537.150391,2443.427734,2432.884277,2407.989502,2398.946533,2382.653564,2382.193115,FALSE,TRUE,FALSE,FALSE,FALSE,FALSE,FALSE,FALSE,FALSE,FALSE,"19. A capacitive strain sensor configured to measure a strain, the sensor comprising:
a dielectric layer;
a first electrode placed on a first face of the dielectric layer;
a second electrode placed on a second face, opposite to the first face, of the dielectric layer; and
an inductor connected between the first electrode and the second electrode and configured to receive an interrogation signal and generate a signal indicative of a strain applied to the sensor,
wherein the first electrode is formed of a single-walled carbon nanotube paper, and
wherein at least one of the first and second electrodes includes a piezoelectric material so that a change in a capacitance of the capacitive strain sensor is negative when stretched.","1. A capacitive strain sensor configured to measure a strain, the sensor comprising:
a dielectric layer;
a first electrode placed on a first face of the dielectric layer; and
a second electrode placed on a second face of the dielectric layer,
wherein the first electrode is formed of a single-walled carbon nanotube paper, and
wherein the single-walled carbon nanotube paper has plural pre-cracks made according to a pattern and a depth of the pre-cracks in the first electrode is smaller than a thickness of the first electrode.","10. A method for making a capacitive strain sensor, the method comprising:
providing a dielectric layer;
forming a first electrode from a single-walled carbon nanotube paper;
cutting plural pre-cracks into the single-walled carbon nanotube paper according to a given pattern, wherein a depth of the plural pre-cracks in the first electrode is smaller than a thickness of the first electrode;
placing the first electrode on a first face of the dielectric layer;
forming a second electrode from the single-walled carbon nanotube paper; and
placing the second electrode on a second face, of the dielectric layer.","20. The capacitive strain sensor of claim 19, wherein a change in resistance of the capacitive strain sensor is from ohms to mega ohms when stretched.","8. The sensor of claim 1, wherein the dielectric layer includes an elastomer and a resistance of the first and second electrodes of a capacitor formed by the dielectric layer and the first and second electrodes increases in a non-linear manner with an increase in an applied strain.","9. The sensor of claim 1, wherein a penetration depth of an interrogation signal injected into a capacitor formed by the dielectric layer and the first and second electrodes depends on (1) a strain applied to the capacitor, and (2) a frequency of the interrogation signal.","14. The measuring system according to claim 1, wherein the evaluation unit is configured to evaluate stretchings and/or widenings of the deformation body of the measuring tube based on:
data recorded by an optical measuring system;
data captured by laser optics, the laser optics carrying out a reference measurement on the basis of laser radiation guided via mirrors and/or a direct measurement based on laser radiation guided via one of a beam splitter and a common passage via at least three mirrors;
data recorded by at least one capacitive sensor;
data captured by at least one strain-sensitive optical fiber sensor which is wound around the measuring tube;
data recorded by two or four strain gauges;
data recorded by a Wheatstone bridge, which is formed from strain gauges; and/or
data recorded by at least one surface acoustic wave sensor.","7. The sensor of claim 1, wherein the dielectric layer includes an elastomer and a relative capacitance of a capacitor formed by the dielectric layer and the first and second electrodes decreases with an increase in an applied strain.","14. The integrated circuit assembly of claim 1 wherein each one of the plurality active elements comprises at least one of the following: an optical sensor, a cavity sensor, a fluidic sensor, a strain sensor, an inductive and/or capacitive sensor, electric resistance and/or conductivity sensor, velocity sensor, acceleration sensor, orientation sensor, a microelectromechanical system (MEMS) sensor, and/or an antenna.","3. The analyte sensor of claim 1, wherein the permeable working electrode comprises a carbon nanotube."
evaluated,"Capacitive strain sensor electrode pattern made of straight, parallel features that form cracks as strain increases",1,0,12405102-CLM-2,,,,,,,,,,1504.667847,,,,,,,,,,400,200,TRUE,1,41,41,FALSE,0,32,,0,0,0,0,12405102-CLM-19,12405102-CLM-1,12405102-CLM-10,12405102-CLM-8,12405102-CLM-20,12405181-CLM-14,12405102-CLM-6,12406963-CLM-14,12403571-CLM-4,12405102-CLM-15,2075.994385,2015.634155,1973.567749,1850.192749,1783.306274,1745.002686,1722.417358,1714.535034,1694.210205,1693.980713,FALSE,FALSE,FALSE,FALSE,FALSE,FALSE,FALSE,FALSE,FALSE,FALSE,"19. A capacitive strain sensor configured to measure a strain, the sensor comprising:
a dielectric layer;
a first electrode placed on a first face of the dielectric layer;
a second electrode placed on a second face, opposite to the first face, of the dielectric layer; and
an inductor connected between the first electrode and the second electrode and configured to receive an interrogation signal and generate a signal indicative of a strain applied to the sensor,
wherein the first electrode is formed of a single-walled carbon nanotube paper, and
wherein at least one of the first and second electrodes includes a piezoelectric material so that a change in a capacitance of the capacitive strain sensor is negative when stretched.","1. A capacitive strain sensor configured to measure a strain, the sensor comprising:
a dielectric layer;
a first electrode placed on a first face of the dielectric layer; and
a second electrode placed on a second face of the dielectric layer,
wherein the first electrode is formed of a single-walled carbon nanotube paper, and
wherein the single-walled carbon nanotube paper has plural pre-cracks made according to a pattern and a depth of the pre-cracks in the first electrode is smaller than a thickness of the first electrode.","10. A method for making a capacitive strain sensor, the method comprising:
providing a dielectric layer;
forming a first electrode from a single-walled carbon nanotube paper;
cutting plural pre-cracks into the single-walled carbon nanotube paper according to a given pattern, wherein a depth of the plural pre-cracks in the first electrode is smaller than a thickness of the first electrode;
placing the first electrode on a first face of the dielectric layer;
forming a second electrode from the single-walled carbon nanotube paper; and
placing the second electrode on a second face, of the dielectric layer.","8. The sensor of claim 1, wherein the dielectric layer includes an elastomer and a resistance of the first and second electrodes of a capacitor formed by the dielectric layer and the first and second electrodes increases in a non-linear manner with an increase in an applied strain.","20. The capacitive strain sensor of claim 19, wherein a change in resistance of the capacitive strain sensor is from ohms to mega ohms when stretched.","14. The measuring system according to claim 1, wherein the evaluation unit is configured to evaluate stretchings and/or widenings of the deformation body of the measuring tube based on:
data recorded by an optical measuring system;
data captured by laser optics, the laser optics carrying out a reference measurement on the basis of laser radiation guided via mirrors and/or a direct measurement based on laser radiation guided via one of a beam splitter and a common passage via at least three mirrors;
data recorded by at least one capacitive sensor;
data captured by at least one strain-sensitive optical fiber sensor which is wound around the measuring tube;
data recorded by two or four strain gauges;
data recorded by a Wheatstone bridge, which is formed from strain gauges; and/or
data recorded by at least one surface acoustic wave sensor.","6. The sensor of claim 4, wherein a depth of the plural pre-cracks in the first and second electrodes is selected so that the pre-cracks become full cracks that extend through an entire thickness of the first and second electrodes when a strain is applied to the sensor.","14. The integrated circuit assembly of claim 1 wherein each one of the plurality active elements comprises at least one of the following: an optical sensor, a cavity sensor, a fluidic sensor, a strain sensor, an inductive and/or capacitive sensor, electric resistance and/or conductivity sensor, velocity sensor, acceleration sensor, orientation sensor, a microelectromechanical system (MEMS) sensor, and/or an antenna.","4. The torque wrench of claim 3, wherein the first strain sensor and second strain sensor are symmetrical about a first strain gauge alignment axis; and
wherein the third strain sensor and the fourth strain sensor are symmetrical about a second strain gauge alignment axis.","15. The method of claim 13, further comprising:
selecting a depth of the plural pre-cracks so that the pre-cracks become full cracks that extend through an entire thickness of the first and second electrodes when a strain is applied to the sensor."
evaluated,Additively manufactured golf club head with internal lattice or weight-tuning geometry to control center of gravity and mechanical response,1,0,12403362-CLM-1,,,,,,,,,,2293.494629,,,,,,,,,,400,200,TRUE,1,12,12,TRUE,1,3,3,0.1,1,0.5,0.333333333,12403362-CLM-12,12403362-CLM-7,12403362-CLM-1,12403362-CLM-9,12403362-CLM-4,12403362-CLM-14,12403362-CLM-13,12403362-CLM-8,12403684-CLM-18,12403383-CLM-1,2318.125488,2309.498291,2293.494629,2010.244385,1965.762207,1949.019165,1946.029053,1942.035889,1923.582275,1918.557861,FALSE,FALSE,TRUE,FALSE,FALSE,FALSE,FALSE,FALSE,FALSE,FALSE,"12. A golf club head, comprising:
a body including a topline, a sole, and a front face, wherein the body defines a center of gravity plane, wherein the center of gravity plane is defined as a plane that extends parallel to a ground plane at a center of gravity of the body when the golf club head is at address; and
a lattice structure formed within a portion of the body, layer by layer, via an additive manufacturing process,
wherein the lattice structure is arranged above the center of gravity plane and extends along an exterior of the topline from a heel end to a toe end of the body,
wherein, in an assembled configuration, a portion of the lattice structure is visible from an exterior of the golf club head, and
wherein a thickness is measured normal to the front face between the front face and a back of the lattice structure, the thickness being smaller in a region proximate the topline and larger in a region proximate the center of gravity plane.","7. A golf club head, comprising:
a body including a topline, a sole, and a front face, wherein the body defines a center of gravity plane, wherein the center of gravity plane is defined as a plane that extends parallel to a ground plane at a center of gravity of the body when the golf club head is at address; and
a lattice structure formed within a portion of the body, layer by layer, via an additive manufacturing process,
wherein the center of gravity plane divides the body into a first region that includes the topline and a second region that includes the sole,
wherein the lattice structure is arranged in the first region above the center of gravity plane and adjacent a toe end,
wherein the second region of the body is below the center of gravity plane and has a density that is greater than a density of the first region,
wherein the lattice structure includes a plurality of interior voids that are in fluid communication with at least one void that is formed through an exterior surface on a toe end of the golf club head, and
wherein, in an assembled configuration, the lattice structure is visible from an exterior of the golf club head.","1. A golf club head, comprising:
a body including a topline, a sole, and a front face, wherein the front face defines a rear surface that extends along a plane and the body defines a center of gravity plane, wherein the center of gravity plane extends parallel to a ground plane at a center of gravity of the body when the golf club head is at address; and
a lattice structure formed on a portion of the body, layer by layer, via an additive manufacturing process, wherein the portion of the body is bounded by the plane, the center of gravity plane, the topline, and an intersection between the plane and the center of gravity plane, wherein the entire lattice structure is disposed above the center of gravity plane and behind the rear surface, wherein the lattice structure extends along the topline toward a toe end of the body, and wherein a thickness is measured normal to the front face between the front face and a back of the lattice structure, the thickness being smaller in a region proximate the topline and larger in a region proximate the center of gravity plane.","9. The golf club head of claim 8, wherein the entire body above the center of gravity plane and rearward of the rear plane includes the lattice structure.","4. The golf club head of claim 1, wherein, in an assembled configuration, the lattice structure is visible from an exterior of the golf club head.","14. The golf club head of claim 13, wherein an entire region of the body that is disposed above the center of gravity plane and rearward of the rear plane includes the lattice structure.","13. The golf club head of claim 12, wherein the front face defines a rear surface that extends along a rear plane, and
wherein the portion of the body is bounded by the rear plane, the center of gravity plane, and an intersection between the rear plane and the center of gravity plane.","8. The golf club head of claim 7, wherein the front face defines a rear surface that extends along a rear plane, and
wherein the portion of the body is bounded by the rear plane, the center of gravity plane, and an intersection between the rear plane and the center of gravity plane.","18. The method according to claim 12, further comprising attaching the laminated structure to a body of a golf club head and over an opening formed in the body of the golf club head to close the opening.","1. A boxing glove, comprising:
an interior liner, comprising an exterior surface and an interior surface, wherein the interior surface defines an interior pocket configured to receive a hand of a user;
a shock-absorption layer, comprising a lattice comprising:
a three-dimensional arrangement of at least one additively manufactured repeating pattern of interconnected cells, the lattice further comprising at least an arm region, a back hand region, and a connection region seamlessly connecting together the arm region and the back hand region, wherein the arm region has a first thickness, the back hand region has a second thickness, and the connection region has a variable thickness, and wherein the first thickness is different than the second thickness; and
a rigid face sheet co-manufactured with the at least one additively manufactured repeating pattern of interconnected cells of the lattice, the rigid face sheet is made of the same material as the at least one additively manufactured repeating pattern of interconnected cells and is coupled to the interior liner; and

wherein the lattice further comprises a thumb region that is directly attached to the back hand region at an interface."
evaluated,"Producing an integrated golf club head by binder-jet 3D printing the body, face insert, and hosel as one build",1,0,12403362-CLM-2,,,,,,,,,,2313.189697,,,,,,,,,,400,200,TRUE,1,40,40,TRUE,1,3,3,0.1,1,0.5,0.333333333,12403362-CLM-12,12403362-CLM-7,12403362-CLM-2,12403684-CLM-18,12403372-CLM-11,12403684-CLM-17,12403362-CLM-4,12403372-CLM-17,12403362-CLM-15,12403362-CLM-10,2367.178955,2342.366211,2313.189697,2246.151855,2234.099609,2157.799072,2134.81665,2126.08252,2093.423096,2090.360352,FALSE,FALSE,TRUE,FALSE,FALSE,FALSE,FALSE,FALSE,FALSE,FALSE,"12. A golf club head, comprising:
a body including a topline, a sole, and a front face, wherein the body defines a center of gravity plane, wherein the center of gravity plane is defined as a plane that extends parallel to a ground plane at a center of gravity of the body when the golf club head is at address; and
a lattice structure formed within a portion of the body, layer by layer, via an additive manufacturing process,
wherein the lattice structure is arranged above the center of gravity plane and extends along an exterior of the topline from a heel end to a toe end of the body,
wherein, in an assembled configuration, a portion of the lattice structure is visible from an exterior of the golf club head, and
wherein a thickness is measured normal to the front face between the front face and a back of the lattice structure, the thickness being smaller in a region proximate the topline and larger in a region proximate the center of gravity plane.","7. A golf club head, comprising:
a body including a topline, a sole, and a front face, wherein the body defines a center of gravity plane, wherein the center of gravity plane is defined as a plane that extends parallel to a ground plane at a center of gravity of the body when the golf club head is at address; and
a lattice structure formed within a portion of the body, layer by layer, via an additive manufacturing process,
wherein the center of gravity plane divides the body into a first region that includes the topline and a second region that includes the sole,
wherein the lattice structure is arranged in the first region above the center of gravity plane and adjacent a toe end,
wherein the second region of the body is below the center of gravity plane and has a density that is greater than a density of the first region,
wherein the lattice structure includes a plurality of interior voids that are in fluid communication with at least one void that is formed through an exterior surface on a toe end of the golf club head, and
wherein, in an assembled configuration, the lattice structure is visible from an exterior of the golf club head.","2. The golf club head of claim 1, wherein the body is fabricated via the additive manufacturing process, and
wherein the additive manufacturing process is a binder jetting process.","18. The method according to claim 12, further comprising attaching the laminated structure to a body of a golf club head and over an opening formed in the body of the golf club head to close the opening.","11. The apparatus of claim 1, wherein the one or more optimal specifications of the at least one hypothetical golf club that the property prediction machine learning model generates are associated with a golf club head, a golf club shaft, a golf club grip, or a combination thereof, and the plurality of different pre-existing golf clubs comprise pre-existing golf club heads, golf club shafts, golf club grips, or a combination thereof.","17. The method according to claim 12, wherein the laminated structure is one of a crown insert or a sole insert of a golf club head.","4. The golf club head of claim 1, wherein, in an assembled configuration, the lattice structure is visible from an exterior of the golf club head.","17. The apparatus of claim 1, wherein the at least one pre-existing golf club comprises a driver-type golf club, and the one or more optimal specifications of the at least one hypothetical golf club that the property prediction machine learning model generates are associated with at least one golf club head for the driver-type golf club.","15. The golf club head of claim 12, wherein the lattice structure and the body are formed from the same metal and are integral with one another.","10. The golf club head of claim 7, wherein the lattice structure and the body are formed from the same metal and are integral with one another."
evaluated,Switch-mode power supply that avoids overload by shaping the feedback-to-output relationship before enabling switching,1,0,12407255-CLM-1,,,,,,,,,,2346.60376,,,,,,,,,,400,200,TRUE,1,3,3,TRUE,1,2,2,0.1,1,0.630929754,0.5,12407255-CLM-5,12407255-CLM-1,12407267-CLM-3,12407260-CLM-1,12407162-CLM-1,12408248-CLM-2,12403543-CLM-12,12407249-CLM-20,12407255-CLM-2,12407255-CLM-4,2378.043213,2346.60376,2241.206299,2201.073975,2193.056885,2126.800293,2118.76709,2115.265625,2106.147705,2082.878662,FALSE,TRUE,FALSE,FALSE,FALSE,FALSE,FALSE,FALSE,FALSE,FALSE,"5. A switching power supply system comprising a plurality of switching power supply circuits,
wherein each of the plurality of switching power supply circuits includes:
a switching circuit having an input node connected to an input power supply terminal and an output node connected to an output power supply terminal through an output switch;
a feedback circuit configured to feed back information based on a voltage appearing at the output node to the switching circuit; and
an activation circuit configured to turn ON the output switch after an elapse of a predetermined time after a voltage appearing at the output node exceeds a predetermined value,

wherein the switching circuit is configured to adjust a level of a voltage appearing at the output node based on the information to a predetermined level,
wherein the feedback circuit includes an adjustment mechanism configured to adjust a relation between a voltage appearing at the output node and the information,
wherein the activation circuit includes an activation control terminal configured to control the output switch,
wherein the output power supply terminals included in the plurality of switching power supply circuits are mutually short-circuited, and
wherein the activation control terminals included in the plurality of switching power supply circuits are mutually short-circuited.","1. A switching power supply circuit comprising:
a switching circuit having an input node connected to an input power supply terminal and an output node connected to an output power supply terminal through an output switch;
a feedback circuit configured to feed back information based on a voltage appearing at the output node to the switching circuit; and
an activation circuit configured to turn ON the output switch after an elapse of a predetermined time after a voltage appearing at the output node exceeds a predetermined value,
wherein the switching circuit is configured to adjust a level of a voltage appearing at the output node based on the information to a predetermined level, and
wherein the feedback circuit includes an adjustment mechanism configured to adjust a relation between a voltage appearing at the output node and the information.","3. The switching power supply system according to claim 1, wherein:
the first PFM/PWM control signal generating and driving module is configured to amplify and process an error between the corresponding feedback signal output by the first primary analog feedback signal sampling and processing module and a preset reference voltage to obtain a feedback error signal, and according to the feedback error signal, generate a PFM/PWM control signal to control the on/off time of the primary switch tube and regulate the output voltage Vout, so that the value of the output voltage Vout approaches the demand voltage Vreq value of the load; and
the first PFM/PWM control signal generating and driving module is configured to update the preset reference voltage according to the corresponding voltage reference signal output by the first secondary digital feedback signal decoding and reference generating module, generate a second PFM/PWM control signal according to an updated reference voltage to control the on/off time of the primary switch tube, and further regulate the output voltage Vout.","1. A power supply system apparatus comprising:
a plurality of converters each including a unit controller including a common controller and an individual analog controller,
wherein each of the plurality of converters includes
a plurality of power conversion circuits each including an inductor, a switching circuit, and the individual analog controller,
a common input terminal to which inputs of the plurality of power conversion circuits are connected in parallel, the common input terminal being connected to an input power supply,
a common output terminal to which outputs of the plurality of power conversion circuits are connected in parallel, the common output terminal being connected to a load, and
the common controller configured to output oscillation control signals to the plurality of power conversion circuits,

wherein the individual analog controller includes
a voltage feedback signal generator and an individual voltage feedback loop configured to detect an output voltage of the common output terminal to generate a voltage feedback signal and feed back the voltage feedback signal, and
a driver configured to drive a switching element in the switching circuit on the basis of the voltage feedback signal, and

wherein the unit controllers are configured to,
while performing feedback control using the individual voltage feedback loops,
perform master-slave control for synchronizing the oscillation control signals in such a manner that master control of one of the plurality of converters is performed and slave control of another one of the plurality of converters is performed, and
supply power to the load, while causing the plurality of converters to be synchronized with each other and performing a voltage conversion operation for converting a voltage of the input power supply using the plurality of power conversion circuits in the plurality of converters.","1. A power supply control system comprising:
a control device configured to control power supplied through a first switch, by turning the first switch on or off; and
a switching device configured to turn on or off a second switch disposed upstream of the first switch on a current path of a current flowing through the first switch,
wherein the control device includes a processing unit configured to receive power supply from a connection node between the first switch and the second switch and execute processing,
the processing unit
instructs to turn the first switch on or off while the second switch is on,
executes non-power supply control processing different from processing relating to control of power supplied through the first switch, and
determines whether a current conduction fault in which a current flows through the first switch despite an instruction being given to turn off the first switch has occurred, and

the switching device alternately turns the second switch on and off repeatedly, after the processing unit determines that the current conduction fault has occurred.","2. The LED power supply according to claim 1, wherein when an output load of the LED power supply is less than a rated load, the isolated DC-DC conversion circuit operates in a constant-voltage control mode, the first switch is in an on state, the second switch is in an off state, an output current of the isolated DC-DC conversion circuit is less than a threshold current, and the output voltage is fixed to equal a rated voltage.","12. The welding-type power supply as defined in claim 1, wherein in the transition mode, the control circuitry reduces output current to the workpiece while advancing the wire electrode for a period of time before switching to the ramp-in mode.","20. A switched mode power supply (SMPS), comprising a controller, a high-side switching transistor and a low-side switching transistor connected through a switching node, a high-side driver for driving the high-side switching transistor, and a low-side driver for driving the low-side switching transistor, and further comprising the supply circuit according to claim 1, wherein
the high-side driver and the low-side driver receive a switching signal from the controller to turn on or off the high-side switching transistor and the low-side switching transistor; and
the supply circuit supplies power to the high-side driver.","2. The switching power supply circuit as claimed in claim 1,
wherein the feedback circuit includes a voltage divider circuit configured to divide a voltage appearing at the output node, and
wherein the adjustment mechanism has a variable resistor included in the voltage divider circuit.","4. The switching power supply circuit as claimed in claim 3, wherein the switching control circuit is configured to stop the switching operation of the switching element when the information indicates an overload state."
evaluated,Overload protection using a feedback voltage divider and current sensing to shut down or inhibit a switching element,1,0,12407255-CLM-2,,,,,,,,,,1874.188721,,,,,,,,,,400,200,TRUE,1,9,9,TRUE,1,7,7,0.1,1,0.333333333,0.142857143,12407184-CLM-10,12407184-CLM-7,12406727-CLM-7,12407260-CLM-1,12407255-CLM-4,12403784-CLM-10,12407255-CLM-2,12405142-CLM-9,12406727-CLM-17,12404943-CLM-1,1937.721191,1931.380005,1915.841553,1889.111694,1887.513306,1875.752563,1874.188721,1865.048462,1861.126953,1849.483765,FALSE,FALSE,FALSE,FALSE,FALSE,FALSE,TRUE,FALSE,FALSE,FALSE,"10. The system of claim 1, wherein said programmable relay protection system plurality of relay devices are programmed to monitor high sensitivity line instantaneous undercurrent, and to monitor high sensitivity instantaneous negative sequence overcurrent to detect current imbalance of the load wherein a distribution tap line has opened, and wherein shutting down the power to a broken line is delayed by a preset time within the range of about 0.3 seconds to about 1 second to protect against a false shut down.","7. The system of claim 1, wherein said programmable relay protection system plurality of relay devices are programmed to monitor high sensitivity line instantaneous undercurrent, and to monitor high sensitivity instantaneous negative sequence overcurrent to detect current imbalance of the load wherein a distribution tap line has opened due to a blown fuse, and wherein shutting down the power to a broken line is delayed by a preset time within the range of about 0.3 seconds to about 1 second to protect against a false shut down.","7. The memory device according to claim 4, further comprising a first sink circuit connected to the second wiring,
wherein the memory cell includes:
a magnetoresistance effect element including a storage layer and a reference layer; and
a switching element configured to turn on or off depending on the voltage difference between the first signal line and the second signal line,
wherein, in the read sequence,
after charging of the first signal line and the first wiring, the first sink circuit draws a current from the second signal line,
when the voltage difference between the first signal line and the second signal line is larger than or equal to a threshold voltage of the switching element, the switching element is turned on,
the first sink circuit draws a current from the first signal line via the switching element in an on state,
when the voltage difference between the first signal line and the second signal line is smaller than the threshold voltage of the switching element, the switching element is turned off, and
after the switching element is turned off, the sense amplifier circuit senses the voltage of the first signal line.","1. A power supply system apparatus comprising:
a plurality of converters each including a unit controller including a common controller and an individual analog controller,
wherein each of the plurality of converters includes
a plurality of power conversion circuits each including an inductor, a switching circuit, and the individual analog controller,
a common input terminal to which inputs of the plurality of power conversion circuits are connected in parallel, the common input terminal being connected to an input power supply,
a common output terminal to which outputs of the plurality of power conversion circuits are connected in parallel, the common output terminal being connected to a load, and
the common controller configured to output oscillation control signals to the plurality of power conversion circuits,

wherein the individual analog controller includes
a voltage feedback signal generator and an individual voltage feedback loop configured to detect an output voltage of the common output terminal to generate a voltage feedback signal and feed back the voltage feedback signal, and
a driver configured to drive a switching element in the switching circuit on the basis of the voltage feedback signal, and

wherein the unit controllers are configured to,
while performing feedback control using the individual voltage feedback loops,
perform master-slave control for synchronizing the oscillation control signals in such a manner that master control of one of the plurality of converters is performed and slave control of another one of the plurality of converters is performed, and
supply power to the load, while causing the plurality of converters to be synchronized with each other and performing a voltage conversion operation for converting a voltage of the input power supply using the plurality of power conversion circuits in the plurality of converters.","4. The switching power supply circuit as claimed in claim 3, wherein the switching control circuit is configured to stop the switching operation of the switching element when the information indicates an overload state.","10. The battery charging system of claim 1, wherein, when the DC charging voltage corresponds to the voltage of the battery, the controller, in the charging mode, is configured to control all of the plurality of third switching elements to be in the short-circuited state, and configured to control the charging current to be transmitted to the battery through an upper switching element of the second inverter, the upper switching element of the second inverter being a switching element connected to a high-potential terminal of the DC terminal among the switching elements included in the second inverter.","2. The switching power supply circuit as claimed in claim 1,
wherein the feedback circuit includes a voltage divider circuit configured to divide a voltage appearing at the output node, and
wherein the adjustment mechanism has a variable resistor included in the voltage divider circuit.","wherein the voltage regulator is designed to generate a supply voltage according to a target voltage across the bridge circuit, and the target voltage can be set in the voltage regulator by the controller; wherein the controller is designed to set, at a first reversal time, the first direction, a target current value and a first target voltage value, wherein the first target voltage value is greater than a second target voltage value and the second target voltage value, as the target voltage, effects the control voltage value of the current regulator voltage in a steady state of the magnetic field generator; and wherein the controller is further designed to measure a first measuring voltage present between the measuring electrodes after a first switching time and before a second reversal time and to determine a flow rate of a medium through the measuring tube using the first measuring voltage; wherein the controller is further designed to determine the first switching time, wherein the first switching time is after the first reversal time, the current between the first reversal time and the first switching time reaches the target current value and the current regulator voltage at the first switching time is greater than the minimum voltage value and less than the control voltage value, and at the first switching time the second target voltage value is then set as the target voltage.","17. The memory device according to claim 1,
wherein the memory cell includes:
a magnetoresistance effect element;
a switching element configured to turn on or off depending on the voltage difference between the first signal line and the second signal line; and
a conductor provided between the magnetoresistance effect element and the switching element, and
wherein at least one of a supply period of the write current and the current value of the write current is controlled according to a resistance value of the conductor.","1. A method for switching an electromagnetically actuated hydraulic valve, wherein the hydraulic valve comprises a switching element and an electromagnet having a coil and an armature, the armature being connected to the switching element for joint movement, and wherein the coil, when energized with a current, moves the armature together with the switching element from an initial position to an end position for a switching operation, the method being performed by a control unit and comprising the following steps:
applying a switching voltage to the coil of the electromagnet to initiate a switching process;
capturing a current curve over time;
reaching-detection of an end position of the switching element;
determining a holding current taking into account the reaching-detection of the end position of the switching element and the captured current curve; and
reducing the current applied to the coil to the determined holding current,
wherein the holding current of the switching operation is constant and uniformly derived from the current when the end position of the switching element is reached."
evaluated,BNCT system with a replaceable target assembly that slides within a proton channel and maintains electrical contact via physical contacts,1,0,12403330-CLM-1,,,,,,,,,,2342.509766,,,,,,,,,,400,200,TRUE,1,1,1,TRUE,1,1,1,0.1,1,1,1,12403330-CLM-1,12403330-CLM-15,12403330-CLM-5,12405677-CLM-8,12403330-CLM-7,12407138-CLM-1,12405677-CLM-1,12408335-CLM-1,12407138-CLM-8,12405677-CLM-11,2342.509766,2168.27832,2125.048096,2086.874512,2080.307129,2059.319336,2055.925781,2048.698242,2036.312012,2028.553833,TRUE,FALSE,FALSE,FALSE,FALSE,FALSE,FALSE,FALSE,FALSE,FALSE,"1. A boron neutron capture therapy system, comprising a beam shaping body with a proton channel and a target assembly disposed inside the proton channel, wherein the target assembly is replaceable, a current monitoring apparatus is disposed outside the beam shaping body, the target assembly is provided with a moving contact, and the current monitoring apparatus is provided with a stationary contact forming a moving contact conductive mode with the moving contact.","15. The boron neutron capture therapy system according to claim 5, wherein the contact conductive assembly comprises a stationary contact part disposed outside the beam shaping body and located at an outer edge of the proton channel, and the stationary contact part is electrically connected to the current monitoring apparatus.","5. The boron neutron capture therapy system according to claim 2, wherein the contact circuit device comprises an adjustable positioning on-off assembly slidably disposed on the target assembly and a contact conductive assembly disposed outside the beam shaping body.","8. A method of assembling a user-repairable mouse for an information handling system comprising:
operatively coupling a mouse main printed circuit board assembly (PCB) to a mouse controller, a user-replaceable mouse battery, and a mouse wireless adapter for establishing a wireless link with the information handling system;
disposing the mouse main PCB having main board side connector contracts for a first connector side of a board-to-board connector within a user-replaceable wireless mouse bottom cover, where the user-replaceable wireless mouse bottom cover includes a replaceable mouse sensor aperture and serves as a surface interface during mouse operation;
inserting a user-replaceable mouse sensor assembly within the replaceable mouse sensor aperture of the user-replaceable wireless mouse bottom cover having a sensor PCB with a second connector side of the board-to-board connector with sensor board side connector contacts on the sensor PCB to operatively couple the sensor PCB to the mouse main PCB via the board-to-board connector when the, where the user-replaceable mouse sensor assembly includes an optical sensor, the sensor PCB, an optical sensor lens, and a sensor PCB holder;
fastening the user-replaceable mouse sensor assembly to the user-replaceable wireless mouse bottom cover, via a mouse sensor assembly fastener such that the user-replaceable mouse sensor assembly is removable and replaceable; and
operatively coupling a user-replaceable mouse top cover with the user-replaceable wireless mouse bottom cover to enclose mouse main PCB, the board-to-board connector, and the user-replaceable mouse sensor assembly.","7. The boron neutron capture therapy system according to claim 5, wherein the moving contact is disposed on the adjustable positioning on-off assembly, and the stationary contact is disposed on the contact conductive assembly, and when the adjustable positioning on-off assembly is in contact with the contact conductive assembly for conduction, a current monitoring circuit is formed among the target assembly, the adjustable positioning on-off assembly, the contact conductive assembly, and the current monitoring apparatus.","1. A ground system for use in an electrical connector, the ground system comprising:
ground contacts having receiving sections, securing sections and mounting sections, the receiving sections having first engagement portions and second engagement portions, each of the receiving sections has one or more contact beams with the first engagement portions and the second engagement portions provided thereon, first ends of the one or more contact beams are fixed by the securing sections and opposed second ends of the one or more contact beams engage ground shields causing the contact beams to function as a double supported leaf spring;
the ground shields positioned proximate the ground contacts, the ground shields having a nonplanar configuration;
surfaces of the securing sections of the ground contacts positioned in mechanical and electrical engagement with surfaces of the ground shields, providing first ground contact areas across which ground currents may flow;
the first engagement portions of the ground contacts provided in electrical and mechanical engagement with the surfaces of the ground shields, providing second ground contact areas across which the ground currents may flow, the second ground contact areas spaced from the first ground contact areas to allow the ground currents to properly flow through the entire ground shields.","1. A user-repairable mouse for an information handling system comprising:
a board-to-board connector comprising a first connector side on a sensor printed circuit board (PCB) bridged to a second connector side on a mouse main PCB, wherein the board-to-board connector is detachable for removal and replacement of the sensor PCB;
a user-replaceable mouse bottom cover with releasable fastener and replaceable mouse sensor aperture, where the user replaceable mouse bottom cover is a surface interface during mouse operation;
a user-replaceable mouse scroll wheel for operative coupling within a scroll wheel assembly cradle and to a scroll wheel encoder, wherein the scroll wheel assembly cradle and scroll wheel encoder are mounted to the mouse main PCB also including a mouse controller within the user-replaceable mouse bottom cover;
a user-replaceable mouse sensor assembly inserted within the replaceable mouse sensor aperture of the user-replaceable mouse bottom cover, wherein
the user-replaceable mouse sensor assembly includes an optical sensor operatively coupled to a sensor PCB;
the sensor PCB includes the first connector side with contacts for removable coupling to the second connector side of the mouse main PCB via the board-to-board connector; and
a user-replaceable mouse top cover operatively coupled with the user-replaceable mouse bottom cover to enclose the board-to-board connector, the mouse main PCB, the sensor PCB when inserted with the user replaceable mouse sensor assembly, and the user-replaceable mouse sensor assembly.","1. A three-dimensional memory device, comprising:
an alternating stack of insulating layers and electrically conductive layers, wherein the electrically conductive layers comprise word lines and drain select gate electrodes that comprise plurality of drain-select-level electrically conductive strips which are located above the word lines memory stack structures vertically extending through the alternating stack;
drain-select-level isolation structures located between a respective neighboring pair of drain-select-level electrically conductive strips; and
a first laterally-insulated contact via assembly comprising a first layer contact via structure and a first tubular insulating spacer,
wherein:
the first laterally-insulated contact via assembly contacts a top surface of a first word line of the word lines;
the first laterally-insulated contact via assembly laterally contacts a first drain-select-level isolation structure of the drain-select-level isolation structures; and
the first drain-select-level isolation structure laterally extends through the entirety of the first laterally-insulated contact via assembly, and is in direct contact with two planar vertical sidewall segments of the first tubular insulating spacer and with two planar vertical sidewall segments of the first layer contact via structure.","8. A ground system for use in an electrical connector, the ground system comprising:
ground contacts having receiving sections, securing sections and mounting sections, the receiving sections having first engagement portions and second engagement portions;
ground shields positioned proximate the ground contacts, the ground shields having a nonplanar configuration, portions of the ground shields pass between signal contacts, the ground shields have first sections and second sections which are positioned in a different plane than the first sections, transition sections extend between the first sections and the second sections, the transition sections are angled with respect to the first sections and the second sections;
surfaces of the securing sections of the ground contacts positioned in mechanical and electrical engagement with surfaces of the ground shields, providing first ground contact areas across which ground currents may flow;
the first engagement portions of the ground contacts provided in electrical and mechanical engagement with the surfaces of the ground shields, providing second ground contact areas across which the ground currents may flow, the second ground contact areas spaced from the first ground contact areas to allow the ground currents to properly flow through the entire ground shields.","11. The method of claim 8 further comprising:
disposing the optical sensor lens within the sensor PCB holder and under the optical sensor operatively coupled to the sensor PCB;
mounting the sensor board side connector contacts on the sensor PCB; and
operatively coupling the sensor PCB to the board-to-board connector via the sensor board side connector contacts on the sensor PCB upon inserting the user-replaceable mouse sensor assembly within the replaceable mouse sensor aperture."
evaluated,Implementing the target assembly electrical connection with a moving/stationary contact circuit device instead of wired connections,1,0,12403330-CLM-2,,,,,,,,,,1764.267334,,,,,,,,,,400,200,TRUE,1,1,1,TRUE,1,2,2,0.1,1,0.630929754,0.5,12403330-CLM-9,12403330-CLM-2,12403330-CLM-7,12403330-CLM-1,12406974-CLM-13,12403330-CLM-5,12407119-CLM-15,12403330-CLM-19,12403330-CLM-11,12403330-CLM-17,1784.307007,1764.267334,1746.662109,1722.518433,1710.881836,1700.745117,1687.214478,1646.482666,1645.825562,1644.635498,FALSE,TRUE,FALSE,FALSE,FALSE,FALSE,FALSE,FALSE,FALSE,FALSE,"9. The boron neutron capture therapy system according to claim 5, wherein the adjustable positioning on-off assembly comprises an insulating sliding positioning part, a moving contact part is fixedly connected with the insulating sliding positioning part, and the moving contact part is electrically connected to the target assembly through a conductive circuit.","2. The boron neutron capture therapy system according to claim 1, wherein the moving contact and the stationary contact are disposed on a contact circuit device implementing the moving contact conductive mode.","7. The boron neutron capture therapy system according to claim 5, wherein the moving contact is disposed on the adjustable positioning on-off assembly, and the stationary contact is disposed on the contact conductive assembly, and when the adjustable positioning on-off assembly is in contact with the contact conductive assembly for conduction, a current monitoring circuit is formed among the target assembly, the adjustable positioning on-off assembly, the contact conductive assembly, and the current monitoring apparatus.","1. A boron neutron capture therapy system, comprising a beam shaping body with a proton channel and a target assembly disposed inside the proton channel, wherein the target assembly is replaceable, a current monitoring apparatus is disposed outside the beam shaping body, the target assembly is provided with a moving contact, and the current monitoring apparatus is provided with a stationary contact forming a moving contact conductive mode with the moving contact.","etching a first hole implementing an alignment of the first hole with respect to an element of the second assembly, so that the first hole passes entirely through the active stack and extends up to an interconnection level of the interconnection stack, etching a second hole implementing an alignment of the second hole with respect to an element of the second assembly, so that the second hole passes entirely through the active stack with stoppage on the lower conductive layer, passivating the first hole and the second hole to obtain, respectively, a first passivated hole and a second passivated hole, filling the first and the second passivated holes with a metal to obtain, respectively, a via and an electrical contact, forming a conductive line electrically insulated from the active stack and in contact with the electrical contact and the via, forming an active region of the light-emitting diode in the active stack facing a detection surface of the photodetector, after the bonding step, implementing an alignment of the active region with respect to an element of the second assembly.","5. The boron neutron capture therapy system according to claim 2, wherein the contact circuit device comprises an adjustable positioning on-off assembly slidably disposed on the target assembly and a contact conductive assembly disposed outside the beam shaping body.","15. A charging system suitable for charging a drained battery using a source battery, said charging system comprising:
a source battery connection adapter having a positive source electrical plug for electrically connecting to a source positive battery post via a source positive contact slot, and a negative source electrical plug for electrically connecting to a source negative battery post via a source negative contact slot;
a drained battery connection adapter having a positive insulated electrical conductor for electrically connecting to a drained positive battery terminal, and a negative insulated electrical conductor for electrically connecting to a drained negative battery terminal; and,
an adapter connection cable configured to be electrically connected both to said source battery connection adapter and to said drained battery connection adapter so as to form a battery interconnection cable assembly such that, when said battery interconnection cable assembly is electrically connected both to the source battery and to the drained battery, said battery interconnection cable assembly provides a positive electrical path between said source positive battery post and said drained positive battery terminal, and provides a negative electrical path between said source negative battery post and said drained negative battery terminal.","19. The boron neutron capture therapy system according to claim 15, wherein the target assembly comprises a cylinder body and a target body, the target body is disposed at an end of the cylinder body extending into an interior of the beam shaping body, and the target body, the contact circuit device, and the current monitoring apparatus form a circuit.","11. The boron neutron capture therapy system according to claim 10, wherein the target assembly comprises a cylinder body and a target body, the target body is disposed at an end of the cylinder body extending into an interior of the beam shaping body, and the target body, the contact circuit device, and the current monitoring apparatus form a circuit.","17. The boron neutron capture therapy system according to claim 16, wherein the target assembly comprises a cylinder body and a target body, the target body is disposed at an end of the cylinder body extending into an interior of the beam shaping body, and the target body, the contact circuit device, and the current monitoring apparatus form a circuit."
evaluated,Hybrid-cloud data routing that randomly samples datasets and assigns them to private vs public cloud processing based on classification,1,0,12406085-CLM-1,,,,,,,,,,2553.997803,,,,,,,,,,400,200,TRUE,1,1,1,TRUE,1,2,2,0.1,1,0.630929754,0.5,12406085-CLM-8,12406085-CLM-1,12406085-CLM-15,12406053-CLM-8,12406053-CLM-16,12406053-CLM-1,12406085-CLM-2,12406085-CLM-3,12405839-CLM-20,12405839-CLM-19,2558.524658,2553.997803,2499.043701,2210.546387,2206.703613,2195.016602,2193.758545,2188.712402,2181.989746,2172.821533,FALSE,TRUE,FALSE,FALSE,FALSE,FALSE,FALSE,FALSE,FALSE,FALSE,"8. A computer hardware system associated with a hybrid cloud including a private cloud and a public cloud, the computer hardware system comprising:
a hardware processor configured to:
randomly sample a plurality of data sets of unprocessed data to generate a plurality of random samples respectively associated with each of the plurality of data sets;
pre-process, using a machine learning engine, the plurality of random samples to identify hidden correlations contained therein;
evaluate the hidden correlations against a confidentiality model to characterize each of the plurality of data sets as to confidentiality;
segment the plurality of data sets, by assigning the plurality of data sets to one of the private cloud or the public cloud, based upon the evaluation; and
process first data sets of the plurality of data sets assigned to the private cloud based upon the segmentation using the private cloud.","1. A computer-implemented process within a computer hardware system associated with a hybrid cloud including a private cloud and a public cloud, the computer-implemented process comprising:
randomly sampling a plurality of data sets of unprocessed data to generate a plurality of random samples respectively associated with each of the plurality of data sets;
pre-processing, using a machine learning engine, the plurality of random samples to identify hidden correlations contained therein;
evaluating the hidden correlations against a confidentiality model to characterize each of the plurality of data sets as to confidentiality;
segmenting the plurality of data sets, by assigning the plurality of data sets to one of the private cloud or the public cloud, based upon the evaluating; and
processing first data sets of the plurality of data sets assigned to the private cloud based upon the segmenting using the private cloud.","15. A computer program product, comprising:
a computer readable storage medium having stored therein program code,
the program code, which when executed by a computer hardware system associated with a hybrid cloud including a private cloud and a public cloud, cause the computer hardware system to perform:
randomly sampling a plurality of data sets of unprocessed data to generate a plurality of random samples respectively associated with each of the plurality of data sets;
pre-processing, using a machine learning engine, the plurality of random samples to identify hidden correlations contained therein;
evaluating the hidden correlations against a confidentiality model to characterize each of the plurality of data sets as to confidentiality;
segmenting the plurality of data sets, by assigning the plurality of data sets to one of the private cloud or the public cloud, based upon the evaluation; and
processing first data sets of the plurality of data sets assigned to the private cloud based upon the segmenting using the private cloud.","8. A set of one or more non-transitory machine-readable storage media storing instructions which, when executed by one or more processors of a cloud computing platform of a cloud service, causes the cloud computing platform to perform operations for assessing a data security of a database deployed in a cloud environment associated with a user of the cloud service, the operations comprising:
creating a sandbox environment in the cloud environment associated with the user;
configuring security permissions and network a access for the sandbox environment, wherein the sandbox environment includes a routing table and a firewall that is configured to block network access to a public network;
loading scanner code in the sandbox environment, wherein the scanner code includes code for performing a data security assessment;
loading and restoring a snapshot of the database in the sandbox environment, wherein the snapshot of the database represents a state of the database;
setting a unique password for admin access to the restored snapshot of the database;
executing the scanner code in the sandbox environment to perform the data security assessment on the restored snapshot of the database; and
tearing down the sandbox environment in response to a determination that the scanner code has finished execution.","16. A method performed by a cloud computing platform of a cloud service, the method comprising:
creating a sandbox environment in a cloud environment associated with a user of the cloud service, wherein the cloud environment associated with the user includes one or more databases;
configuring security permissions and network access for the sandbox environment, wherein the sandbox environment includes a routing table and a firewall that is configured to block network access to a public network;
loading code in the sandbox environment for performing data access functionality;
loading and restoring snapshots of the one or more databases in the sandbox environment, wherein each snapshot of the one or more databases represents a state of the corresponding database;
executing the code in the sandbox environment to perform the data access functionality, wherein performing the data access functionality involves accessing the restored snapshots of the one or more databases; and
tearing down the sandbox environment.","1. A method performed by a cloud computing platform of a cloud service to assess a data security of a database deployed in a cloud environment associated with a user of the cloud service, the method comprising:
creating a sandbox environment in the cloud environment associated with the user;
configuring security permissions and network access for the sandbox environment, wherein the sandbox environment includes a routing table and a firewall that is configured to block network access to a public network;
loading scanner code in the sandbox environment, wherein the scanner code includes code for performing a data security assessment;
loading and restoring a snapshot of the database in the sandbox environment, wherein the snapshot of the database represents a state of the database;
setting a unique password for admin access to the restored snapshot of the database;
executing the scanner code in the sandbox environment to perform the data security assessment on the restored snapshot of the database; and
tearing down the sandbox environment in response to a determination that the scanner code has finished execution.","2. The computer-implemented process of claim 1, further comprising:
processing second data sets of the plurality of data sets assigned to the public cloud based upon the segmenting using the public cloud.","3. The computer-implemented process of claim 2, wherein
the segmenting includes identifying a sequence for the processing of the first data sets assigned to the private cloud and the processing of the second data sets assigned to the public cloud.","20. A method, comprising:
executing a workload by an Information Handling System (IHS) operating as a client IHS, using a first cloud service having a cloud performance level corresponding to a given cloud performance tier;
receiving, by a cloud service orchestrator IHS from the client IHS, telemetry data comprising client IHS Central Processing Unit (CPU) utilization data, client IHS latency data. and client IHS energy efficiency data measured at least in part by an Operating System (OS) kernel of the client IHS while the client IHS executes the workload using the first cloud service;
determining, by the cloud service orchestrator IHS, a level of performance of the client IHS based at least in part on executing a machine learning model configured and trained to determine the level of performance of the client IHS based at least in part on a difference between client IHS capability and client IHS utilization, based at least in part on the telemetry data; and
in response to determining, by the cloud service orchestrator IHS based at least in part on the telemetry data and the machine learning model, a change in the level of performance of the client IHS, migrating the workload being executed based at least in part on transferring a containerized instance of the workload to a second cloud service having a cloud performance level corresponding to a cloud performance tier different from the given cloud performance tier.","19. A memory storage device having program instructions stored thereon that, upon execution by an Information Handling System (IHS), cause the IHS to perform operations comprising:
receive telemetry data indicative of a level of utilization of the IHS when a workload of the IHS is executed by a cloud resource belonging to a given performance tier, wherein the telemetry data comprises IHS Central Processing Unit (CPU) utilization data and IHS memory utilization data;
determine a level of performance of the IHS based at least in part on a machine learning model executed to determine the level of performance of the IHS, wherein the machine learning model is configured and trained to determine the level of performance of the IHS based at least in part on a difference between IHS capability and IHS utilization, based at least in part on the telemetry data;
determine a selected cloud performance tier that has a cloud performance level that corresponds to the level of performance of the IHS;
in response to a determination that the level of performance or utilization of the client IHS is greater by at least a first threshold margin than the cloud performance level of the selected cloud performance tier, migrate the workload to another cloud resource that has a cloud performance level less than the cloud performance level of the selected cloud performance tier; and
in response to a determination the level of performance of the IHS is less by at least a second threshold margin than the cloud performance level of the selected cloud performance tier, migrate the workload to another cloud resource that has a cloud performance level greater than the cloud performance level of the selected cloud performance tier."
evaluated,Processing the datasets marked for public cloud in a segmented hybrid-cloud workflow after random sampling and assignment,1,0,12406085-CLM-2,,,,,,,,,,2289.225586,,,,,,,,,,400,200,TRUE,1,8,8,TRUE,1,4,4,0.1,1,0.430676558,0.25,12406085-CLM-1,12406085-CLM-8,12406085-CLM-15,12406085-CLM-2,12406085-CLM-3,12406085-CLM-17,12406085-CLM-9,12406399-CLM-1,12406085-CLM-16,12406399-CLM-18,2507.332031,2459.887939,2418.800781,2289.225586,2254.685791,2232.423096,2228.361084,2221.00708,2214.122803,2199.82666,FALSE,FALSE,FALSE,TRUE,FALSE,FALSE,FALSE,FALSE,FALSE,FALSE,"1. A computer-implemented process within a computer hardware system associated with a hybrid cloud including a private cloud and a public cloud, the computer-implemented process comprising:
randomly sampling a plurality of data sets of unprocessed data to generate a plurality of random samples respectively associated with each of the plurality of data sets;
pre-processing, using a machine learning engine, the plurality of random samples to identify hidden correlations contained therein;
evaluating the hidden correlations against a confidentiality model to characterize each of the plurality of data sets as to confidentiality;
segmenting the plurality of data sets, by assigning the plurality of data sets to one of the private cloud or the public cloud, based upon the evaluating; and
processing first data sets of the plurality of data sets assigned to the private cloud based upon the segmenting using the private cloud.","8. A computer hardware system associated with a hybrid cloud including a private cloud and a public cloud, the computer hardware system comprising:
a hardware processor configured to:
randomly sample a plurality of data sets of unprocessed data to generate a plurality of random samples respectively associated with each of the plurality of data sets;
pre-process, using a machine learning engine, the plurality of random samples to identify hidden correlations contained therein;
evaluate the hidden correlations against a confidentiality model to characterize each of the plurality of data sets as to confidentiality;
segment the plurality of data sets, by assigning the plurality of data sets to one of the private cloud or the public cloud, based upon the evaluation; and
process first data sets of the plurality of data sets assigned to the private cloud based upon the segmentation using the private cloud.","15. A computer program product, comprising:
a computer readable storage medium having stored therein program code,
the program code, which when executed by a computer hardware system associated with a hybrid cloud including a private cloud and a public cloud, cause the computer hardware system to perform:
randomly sampling a plurality of data sets of unprocessed data to generate a plurality of random samples respectively associated with each of the plurality of data sets;
pre-processing, using a machine learning engine, the plurality of random samples to identify hidden correlations contained therein;
evaluating the hidden correlations against a confidentiality model to characterize each of the plurality of data sets as to confidentiality;
segmenting the plurality of data sets, by assigning the plurality of data sets to one of the private cloud or the public cloud, based upon the evaluation; and
processing first data sets of the plurality of data sets assigned to the private cloud based upon the segmenting using the private cloud.","2. The computer-implemented process of claim 1, further comprising:
processing second data sets of the plurality of data sets assigned to the public cloud based upon the segmenting using the public cloud.","3. The computer-implemented process of claim 2, wherein
the segmenting includes identifying a sequence for the processing of the first data sets assigned to the private cloud and the processing of the second data sets assigned to the public cloud.","17. The computer program product of claim 16, wherein
the segmenting includes identifying a sequence for the processing of the first data sets assigned to the private cloud and the processing of the second data sets assigned to the public cloud.","9. The computer hardware system of claim 8, wherein the hardware processor is further configured to:
process second data sets of the plurality of data sets assigned to the public cloud based upon the segmentation using the public cloud.","1. A method for point cloud prediction processing, the method comprising:
obtaining an alternative point set of a target point cloud group from M point cloud groups, the M point cloud groups including the target point cloud group, coordinate code words of point cloud points in each of the M point cloud groups being identical after shifting by a grouping shift bit number corresponding to the respective point cloud group;
obtaining prediction reference points associated with a target point cloud point of the point cloud points in the target point cloud group from the alternative point set; and
predicting, by processing circuitry, the target point cloud point based on the prediction reference points, to obtain a target predicted attribute value of the target point cloud point, wherein
when a mean value of quantities of the point cloud points respectively contained in M1 neighboring point cloud groups adjacent to the target point cloud group is greater than a first point quantity threshold, the grouping shift bit number corresponding to the target point cloud group is less than the grouping shift bit numbers corresponding to the M1 neighboring point cloud groups;
when the mean value of the quantities of the point cloud points contained in the M1 neighboring point cloud groups adjacent to the target point cloud group is less than a second point quantity threshold, the grouping shift bit number corresponding to the target point cloud group is greater than the grouping shift bit numbers corresponding to the M1 neighboring point cloud groups;
M1 is a subset of M; and
the first point quantity threshold is greater than the second point quantity threshold.","16. The computer program product of claim 15, wherein the computer hardware system is further caused to perform:
processing second data sets of the plurality of data sets assigned to the public cloud based upon the segmenting using the public cloud.","18. A point cloud prediction processing apparatus, comprising:
processing circuitry configured to:
obtain an alternative point set of a target point cloud group from M point cloud groups, the M point cloud groups including the target point cloud group, coordinate code words of point cloud points in each of the M point cloud groups being identical after shifting by a grouping shift bit number corresponding to the respective point cloud group;
obtain prediction reference points associated with a target point cloud point of the point cloud points in the target point cloud group from the alternative point set; and
predict the target point cloud point based on the prediction reference points, to obtain a target predicted attribute value of the target point cloud point, wherein

when a mean value of quantities of the point cloud points respectively contained in M1 neighboring point cloud groups adjacent to the target point cloud group is greater than a first point quantity threshold, the grouping shift bit number corresponding to the target point cloud group is less than the grouping shift bit numbers corresponding to the M1 neighboring point cloud groups;
when the mean value of the quantities of the point cloud points contained in the M1 neighboring point cloud groups adjacent to the target point cloud group is less than a second point quantity threshold, the grouping shift bit number corresponding to the target point cloud group is greater than the grouping shift bit numbers corresponding to the M1 neighboring point cloud groups;
M1 is a subset of M; and
the first point quantity threshold is greater than the second point quantity threshold."
evaluated,Wireless feedback scheme that sends precoding matrix information periodically and aperiodically to support multi-antenna transmission,1,0,12407392-CLM-1,,,,,,,,,,2077.524902,,,,,,,,,,400,200,TRUE,1,21,21,TRUE,1,6,6,0.1,1,0.356207187,0.166666667,12407391-CLM-1,12407391-CLM-22,12408042-CLM-1,12408042-CLM-15,12407392-CLM-11,12407392-CLM-1,12407391-CLM-25,12407391-CLM-24,12407392-CLM-6,12407380-CLM-1,2182.731445,2179.613525,2165.912598,2133.672363,2084.444336,2077.524902,2075.519531,2073.399414,2056.544922,2028.581055,FALSE,FALSE,FALSE,FALSE,FALSE,TRUE,FALSE,FALSE,FALSE,FALSE,"1. A method, comprising:
receiving a radio signal, wherein the radio signal comprises at least one DownLink reference signal;
calculating a precoding matrix for a plurality of antenna ports,
wherein the precoding matrix is based on a first codebook, on a second codebook, and on a plurality of combination coefficients,
wherein the first codebook comprises at least one transmit-side spatial beam component/vector of the precoding matrix,
wherein the second codebook comprises at least one delay component/vector of the precoding matrix;

receiving a higher layer configuration,
wherein the higher layer configuration comprises an indication of a portion of beam vectors from the first codebook and a maximum allowable average amplitude for a first beam vector,
wherein the maximum allowable average amplitude for the first beam vector is arranged to restrict an average amplitude of the plurality of combination coefficients,
wherein the plurality of combination coefficients are associated with the first beam vector; and

reporting at least one of a Channel State Information feedback, a Precoder Matrix Indicator, and a Precoder Matrix Indicator Rank Indicator,
wherein the at least one of the Channel State Information feedback, the Precoder Matrix Indicator, and the Precoder Matrix Indicator Rank is arranged to indicate the precoding matrix for configured antenna ports,
wherein the report comprises a bitmap,
wherein the bitmap is arranged to indicate at least selected delay vectors and spatial beam vectors,
wherein the selected delay vectors and the spatial beam vectors are associated with non-zero combination coefficients of the plurality of combination coefficients.","22. A method, comprising:
transmitting a radio signal to a device, wherein the radio signal comprises at least one DownLink reference signal;
receiving a report, wherein the report comprises at least one of a Channel State Information feedback, a Precoder Matrix Indicator, and a Precoder Matrix Indicator Rank Indicator,
wherein the at least one of the Channel State Information feedback, the Precoder Matrix Indicator, and the Precoder Matrix Indicator Rank is arranged indicate a precoding matrix for configured antenna ports,
wherein the precoding matrix is based on a first codebook and on a second codebook, and on a plurality of combination coefficients,
wherein the first codebook comprises at least one transmit-side spatial beam component/vector of the precoding matrix,
wherein the second codebook comprises at least one delay component/vector of the precoding matrix; and

configuring the device with a higher layer configuration, wherein the higher layer configuration comprises an indication of a portion of beam vectors from the first codebook and a maximum allowable average amplitude for a first beam vector,
wherein the maximum allowable average amplitude for the first beam vector is arranged to restrict an average amplitude of the combination coefficients associated with the first beam vector,
wherein the report indicates at least selected delay vectors and spatial beam vectors associated with non-zero combination coefficients of the plurality of combination coefficients.","(d) at a physical layer driver at the bottom of the protocol stack in communication with the plurality of antennas, for each antenna: on a primary receiver chain, receiving and demodulating the incoming signals from the primary wireless network; on a secondary receiver chain, receiving and demodulating the incoming signals from the secondary wireless network; and on a transmission chain, precoding outgoing data bit-streams according to the beamforming scheme and modulating the outgoing data bit-streams for transmission from the plurality of antennas to the scheduled users of the secondary wireless network.","(c) on a transmission path at the bottom of the protocol stack to the plurality of antennas, transmitting outgoing signals to the scheduled users of the secondary network according to the beamforming scheme; wherein the at least one processor includes a physical layer driver at the bottom of the protocol stack in communication with the plurality of antennas, comprising, for each antenna: a primary receiver chain operative to receive and demodulate incoming signals from the primary wireless network; a secondary receiver chain operative to receive and demodulate incoming signals from the secondary wireless network; and a transmission chain operative to precode outgoing data bit-streams according to the beam forming scheme and modulate the outgoing data bit-streams for transmission from the plurality of antennas to the scheduled users of the secondary wireless network.","11. A mobile terminal comprising:
a processor; and
a memory operably coupled to the processor,
wherein the processor, when executing program instructions stored in the memory, is configured to:
cause the mobile terminal to estimate a downlink channel based on a signal received from a base station;
cause the mobile terminal to transmit a first-type precoding matrix index (PMI) to the base station periodically based on a first period;
cause the mobile terminal to transmit a second-type PMI to the base station periodically based on a second period;
cause the mobile terminal to receive from the base station, a downlink signal which includes precoded data symbols;
cause the mobile terminal to determine a precoding matrix to decode the received downlink signal; and
cause the mobile terminal to decode the received downlink signal using the determined precoding matrix,
wherein the first period and the second period are different from each other.","1. A communication method comprising:
estimating a downlink channel based on a signal received from a base station;
transmitting a first-precoding matrix index (PMI) to the base station periodically based on a first period;
transmitting a second-PMI to the base station periodically based on a second period;
receiving, from the base station, a downlink signal which includes precoded data symbols;
determining a precoding matrix to decode the received downlink signal; and
decoding the received downlink signal using the determined precoding matrix, wherein the first period and the second period are different from each other.","25. A device, comprising:
a processor circuit, and
a memory circuit,
wherein the memory circuit comprises instructions executable by the processor circuit,
wherein the processor circuit is arranged to cause the device transmit a radio signal,
wherein the radio signal comprises at least one DownLink reference signal;
wherein the processor circuit is arranged to receive a report,
wherein the report comprises at least one of a Channel State Information feedback, a Precoder Matrix Indicator, and a Precoder Matrix Indicator Rank Indicator,
wherein the at least one of the Channel State Information feedback, the Precoder Matrix Indicator, and the Precoder Matrix Indicator Rank is arranged to indicate a precoding matrix for configured antenna ports,
wherein the precoding matrix is based on a first codebook, and on a second codebook, and on a plurality of combination coefficients,
wherein the first codebook comprises at least one transmit-side spatial beam component/vector of the precoding matrix,
wherein the second codebook comprises at least one delay component/vector of the precoding matrix,
wherein the processor circuit arranges a higher layer configuration,
wherein the higher layer configuration comprises a portion of beam vectors from the first codebook and a maximum allowable average amplitude for a first beam vector,
wherein the maximum allowable average amplitude per beam vector is arranged to restrict an average amplitude of the plurality of combination coefficients associated with the first beam vector,
wherein the report indicates at least selected delay vectors and spatial beam vectors,
wherein the selected delay vectors and the spatial beam vectors are associated with non-zero combination coefficients of the plurality of combination coefficients.","wherein the at least one of the Channel State Information feedback, the Precoder Matrix Indicator, and the Precoder Matrix Indicator Rank is arranged to indicate the precoding matrix for configured antenna ports, wherein the report comprises a bitmap, wherein the bitmap is arranged to indicate at least selected delay vectors and spatial beam vectors, wherein the selected delay vectors and the spatial beam vectors are associated with non-zero combination coefficients of the plurality of combination coefficients.","6. A communication apparatus comprising:
a processor; and
a memory operably coupled to the processor,
wherein the processor, when executing program instructions stored in the memory, is configured to:
cause the apparatus to estimate a downlink channel based on a signal received from a base station;
cause the apparatus to transmit a first-type precoding matrix index (PMI) to the base station periodically based on a first period;
cause the apparatus to transmit a second-type PMI to the base station periodically based on a second period;
cause the apparatus to receive from the base station, a downlink signal which includes precoded data symbols;
cause the apparatus to determine a precoding matrix to decode the received downlink signal; and
cause the apparatus to decode the received downlink signal using the determined precoding matrix, wherein the first period and the second period are different from each other.","1. A method of wireless communication by a base station, comprising:
receiving a channel state information (CSI) payload at a neural network CSI decoder;
decoding the CSI payload to generate a quantity (N) of precoding vectors for N transmission layers;
orthogonalizing the N precoding vectors to generate N orthogonal precoding vectors; and
transmitting, to a user equipment (UE), downlink data that is precoded in accordance with the N orthogonal precoding vectors."
evaluated,Mapping precoded symbols into transmission layers and codewords as part of PMI-based precoding feedback,1,0,12407392-CLM-2,,,,,,,,,,2099.567139,,,,,,,,,,400,200,TRUE,1,2,2,TRUE,1,6,6,0.1,1,0.356207187,0.166666667,12407392-CLM-11,12407392-CLM-1,12407392-CLM-6,12407555-CLM-15,12407380-CLM-13,12407392-CLM-2,12407392-CLM-12,12407381-CLM-1,12407392-CLM-7,12407381-CLM-5,2242.237305,2237.935059,2235.275879,2218.603516,2120.726562,2099.567139,2093.330566,2075.046875,2073.904053,2071.692383,FALSE,FALSE,FALSE,FALSE,FALSE,TRUE,FALSE,FALSE,FALSE,FALSE,"11. A mobile terminal comprising:
a processor; and
a memory operably coupled to the processor,
wherein the processor, when executing program instructions stored in the memory, is configured to:
cause the mobile terminal to estimate a downlink channel based on a signal received from a base station;
cause the mobile terminal to transmit a first-type precoding matrix index (PMI) to the base station periodically based on a first period;
cause the mobile terminal to transmit a second-type PMI to the base station periodically based on a second period;
cause the mobile terminal to receive from the base station, a downlink signal which includes precoded data symbols;
cause the mobile terminal to determine a precoding matrix to decode the received downlink signal; and
cause the mobile terminal to decode the received downlink signal using the determined precoding matrix,
wherein the first period and the second period are different from each other.","1. A communication method comprising:
estimating a downlink channel based on a signal received from a base station;
transmitting a first-precoding matrix index (PMI) to the base station periodically based on a first period;
transmitting a second-PMI to the base station periodically based on a second period;
receiving, from the base station, a downlink signal which includes precoded data symbols;
determining a precoding matrix to decode the received downlink signal; and
decoding the received downlink signal using the determined precoding matrix, wherein the first period and the second period are different from each other.","6. A communication apparatus comprising:
a processor; and
a memory operably coupled to the processor,
wherein the processor, when executing program instructions stored in the memory, is configured to:
cause the apparatus to estimate a downlink channel based on a signal received from a base station;
cause the apparatus to transmit a first-type precoding matrix index (PMI) to the base station periodically based on a first period;
cause the apparatus to transmit a second-type PMI to the base station periodically based on a second period;
cause the apparatus to receive from the base station, a downlink signal which includes precoded data symbols;
cause the apparatus to determine a precoding matrix to decode the received downlink signal; and
cause the apparatus to decode the received downlink signal using the determined precoding matrix, wherein the first period and the second period are different from each other.","15. A method for generating a waveform in a communication network, the method comprising:
rotating, by a transmitter, at least one modulated data and at least one modulated reference sequence (RS) to produce rotated modulated data and rotated modulated RS;
precoding, by the transmitter, the rotated modulated data and the rotated modulated RS using a data filter and a RS filter respectively, to produce a precoded data and precoded RS;
transforming, by the transmitter, the precoded data and the precoded RS using Discrete Fourier Transform (DFT) to generate transformed precoded data and transformed precoded RS;
port mapping, by the transmitter, the transformed precoded RS to a corresponding port of the transmitter to obtain port mapped transformed RS;
mapping, by the transmitter, the port mapped transformed RS and the transformed precoded data using a plurality of subcarriers to generate a sub-carrier mapped output; and
generating, by the transmitter, a waveform by performing Orthogonal Frequency Division Multiplexing (OFDM) modulation on the sub-carrier mapped output.","13. A non-transitory computer-readable medium having program code recorded thereon, the program code executed by a processor at a base station and comprising:
program code to receive a channel state information (CSI) payload at a neural network CSI decoder;
program code to decode the CSI payload to generate a quantity (N) of precoding vectors for N transmission layers;
program code to orthogonalize the N precoding vectors to generate N orthogonal precoding vectors; and
program code to transmit, to a user equipment (UE), downlink data that is precoded in accordance with the N orthogonal precoding vectors.","2. The method of claim 1, wherein the precoded data symbols are mapped one or two codewords into the layers.","12. The mobile terminal of claim 11, wherein the precoded data symbols are mapped one or two codewords into the layers.","1. A communication method, comprising:
obtaining a first uplink statistical autocorrelation matrix of an uplink channel with a terminal;
determining, based on the first uplink statistical autocorrelation matrix, a first downlink statistical autocorrelation matrix of a downlink channel with the terminal;
obtaining a first precoding matrix indicator (PMI) from the terminal, wherein the first PMI indicates a first weight;
determining a second weight based on the first weight;
determining a third weight based on the first downlink statistical autocorrelation matrix and the second weight, wherein the third weight is different from the second weight;
sending a second PMI to the terminal, wherein the second PMI indicates the second weight; and
sending data to the terminal based on the third weight.","7. The apparatus of claim 6, wherein the precoded data symbols are mapped one or two codewords into the layers.","5. A communication method, comprising:
obtaining a second downlink statistical autocorrelation matrix of a downlink channel with a network device;
determining, based on the second downlink statistical autocorrelation matrix, a second uplink statistical autocorrelation matrix of an uplink channel with the network device;
obtaining a third precoding matrix indicator (PMI) from the network device, wherein the third PMI indicates a fourth weight;
determining a fifth weight based on the second uplink statistical autocorrelation matrix and the fourth weight, wherein the fifth weight is different from the fourth weight; and
sending data to the network device based on the fifth weight."
evaluated,Parallel computation of Benes network routing configuration from a requested permutation of input-to-output connections,1,0,12407629-CLM-1,,,,,,,,,,2523.863037,,,,,,,,,,400,200,TRUE,1,3,3,TRUE,1,1,1,0.1,1,1,1,12407629-CLM-1,12407629-CLM-10,12407629-CLM-2,12407629-CLM-8,12407629-CLM-11,12407629-CLM-5,12407629-CLM-3,12407629-CLM-17,12407629-CLM-14,12407629-CLM-9,2523.863037,2499.487549,2424.632324,2309.777344,2292.652588,2243.125244,2212.636963,2188.608398,2130.768311,2110.294678,TRUE,FALSE,FALSE,FALSE,FALSE,FALSE,FALSE,FALSE,FALSE,FALSE,"1. A routing controller, comprising:
an interface, configured to receive a permutation defining requested interconnections between N input ports and N output ports of a Benes network,
wherein the Benes network comprises multiple 2-by-2 switches, and is reducible in a plurality of nested subnetworks associated with respective nesting levels, down to irreducible subnetworks comprising a single 2-by-2 switch; and
multiple processors, configured to:
collectively determine a setting of the 2-by-2 switches that implements the received permutation, including determining sub-settings for two or more subnetworks of a given nesting level in parallel; and
configure the multiple 2-by-2 switches of the Benes network in accordance with the determined setting,
wherein the multiple processors comprise:
(i) a main processor assigned to determine the setting for the entire Benes network by determining states of the 2-by-2 switches that are coupled to inputs and outputs of the entire Benes network; and
(ii) a plurality of additional processors, each additional processor assigned to determine respective sub-setting for a respective subnetwork by determining states of the 2-by-2 switches that are coupled to the inputs and outputs of the respective subnetwork.","10. A method, comprising:
in a routing controller comprising an interface and multiple processors, receiving via the interface a permutation defining requested interconnections between N input ports and N output ports of a Benes network,
wherein the Benes network comprises multiple 2-by-2 switches, and is reducible in a plurality of nested subnetworks associated with respective nesting levels, down to irreducible subnetworks comprising a single 2-by-2 switch;
collectively determining, by the processors, a setting of the 2-by-2 switches that implements the received permutation, including determining sub-settings for two or more subnetworks of a given nesting level in parallel; and
configuring the multiple 2-by-2 switches of the Benes network in accordance with the determined setting,
wherein the multiple processors comprise a main processor and a plurality of additional processors, wherein determining the setting comprises:
(i) using the main processor, determining states of the 2-by-2 switches that are coupled to inputs and outputs of the entire Benes network; and
(ii) using each respective one of the additional processors, determining a respective sub-setting for a respective subnetwork by determining states of the 2-by-2 switches that are coupled to the inputs and outputs of the respective subnetwork.","2. The routing controller according to claim 1, wherein the main processor assigned to the entire Benes network is further configured to produce sub-permutations specifying connections required between N/2 input lines and N/2 output lines of respective subnetworks of the Benes network.","8. The routing controller according to claim 1, wherein a given additional processor is configured to determine a first sub-setting for a given subnetwork, for implementing part of a first permutation of the Benes network, and before a full setting for the entire Benes network corresponding to the first permutation is calculated, to further determine a second sub-setting for the given subnetwork for implementing part of a subsequently received second permutation for the Benes network.","11. The method according to claim 10, wherein determining the setting further comprises producing sub-permutations specifying connections required between N/2 input lines and N/2 output lines of respective subnetworks of the Benes network.","5. The routing controller according to claim 1, wherein a given processor is configured to alternately scan input lines and output lines of the Benes network or of a subnetwork of the Benes network, and to determine the states of an input switch coupled to a given input line and of an output switch coupled to a given output line, so that the given input line and the given output line connect to a common subnetwork of a subsequent inner nesting level.","3. The routing controller according to claim 1, wherein a given additional processor assigned to a given subnetwork having K input lines and K output lines, 2<K<N, is configured to receive a K-by-K sub-permutation produced at processing an outer nesting level, to determine the states of 2-by-2 switches coupled to the K input lines and to the K output lines based on the received sub-permutation, and to produce sub-permutations for configuring K/2-by-K/2 subnetworks of the K-by-K subnetwork.","17. The method according to claim 10, wherein determining the setting comprises determining a first sub-setting for a given subnetwork, for implementing part of a first permutation of the Benes network, and before a full setting for the entire Benes network corresponding to the first permutation is calculated, further determining a second sub-setting for the given subnetwork for implementing part of a subsequently received second permutation for the Benes network.","14. The method according to claim 10, wherein determining the setting comprises alternately scanning input lines and output lines of the Benes network or of a subnetwork of the Benes network, and determining the states of an input switch coupled to a given input lines and of an output switch coupled to a given output line, so that the given input line and the given output line connect to a common subnetwork of a subsequent inner nesting level.","9. The routing controller according to claim 1, wherein the 2-by-2 switches comprise 2-by-2 optical switches interconnected using optical links, wherein the processors are configured to determine bar or cross states for the 2-by-2 optical switches so as to route light signals between the N input ports and the N output ports in accordance with the received permutation."
evaluated,Splitting a global Benes permutation into sub-permutations for distributed or hierarchical routing controller computation,1,0,12407629-CLM-2,,,,,,,,,,2192.98584,,,,,,,,,,400,200,TRUE,1,2,2,TRUE,1,4,4,0.1,1,0.430676558,0.25,12407629-CLM-10,12407629-CLM-1,12407629-CLM-8,12407629-CLM-2,12407629-CLM-17,12407629-CLM-3,12407629-CLM-11,12407629-CLM-12,12406687-CLM-17,12407629-CLM-4,2302.375977,2297.244141,2293.516602,2192.98584,2180.615723,2148.465576,2063.220459,2051.5354,1995.513062,1973.640015,FALSE,FALSE,FALSE,TRUE,FALSE,FALSE,FALSE,FALSE,FALSE,FALSE,"10. A method, comprising:
in a routing controller comprising an interface and multiple processors, receiving via the interface a permutation defining requested interconnections between N input ports and N output ports of a Benes network,
wherein the Benes network comprises multiple 2-by-2 switches, and is reducible in a plurality of nested subnetworks associated with respective nesting levels, down to irreducible subnetworks comprising a single 2-by-2 switch;
collectively determining, by the processors, a setting of the 2-by-2 switches that implements the received permutation, including determining sub-settings for two or more subnetworks of a given nesting level in parallel; and
configuring the multiple 2-by-2 switches of the Benes network in accordance with the determined setting,
wherein the multiple processors comprise a main processor and a plurality of additional processors, wherein determining the setting comprises:
(i) using the main processor, determining states of the 2-by-2 switches that are coupled to inputs and outputs of the entire Benes network; and
(ii) using each respective one of the additional processors, determining a respective sub-setting for a respective subnetwork by determining states of the 2-by-2 switches that are coupled to the inputs and outputs of the respective subnetwork.","1. A routing controller, comprising:
an interface, configured to receive a permutation defining requested interconnections between N input ports and N output ports of a Benes network,
wherein the Benes network comprises multiple 2-by-2 switches, and is reducible in a plurality of nested subnetworks associated with respective nesting levels, down to irreducible subnetworks comprising a single 2-by-2 switch; and
multiple processors, configured to:
collectively determine a setting of the 2-by-2 switches that implements the received permutation, including determining sub-settings for two or more subnetworks of a given nesting level in parallel; and
configure the multiple 2-by-2 switches of the Benes network in accordance with the determined setting,
wherein the multiple processors comprise:
(i) a main processor assigned to determine the setting for the entire Benes network by determining states of the 2-by-2 switches that are coupled to inputs and outputs of the entire Benes network; and
(ii) a plurality of additional processors, each additional processor assigned to determine respective sub-setting for a respective subnetwork by determining states of the 2-by-2 switches that are coupled to the inputs and outputs of the respective subnetwork.","8. The routing controller according to claim 1, wherein a given additional processor is configured to determine a first sub-setting for a given subnetwork, for implementing part of a first permutation of the Benes network, and before a full setting for the entire Benes network corresponding to the first permutation is calculated, to further determine a second sub-setting for the given subnetwork for implementing part of a subsequently received second permutation for the Benes network.","2. The routing controller according to claim 1, wherein the main processor assigned to the entire Benes network is further configured to produce sub-permutations specifying connections required between N/2 input lines and N/2 output lines of respective subnetworks of the Benes network.","17. The method according to claim 10, wherein determining the setting comprises determining a first sub-setting for a given subnetwork, for implementing part of a first permutation of the Benes network, and before a full setting for the entire Benes network corresponding to the first permutation is calculated, further determining a second sub-setting for the given subnetwork for implementing part of a subsequently received second permutation for the Benes network.","3. The routing controller according to claim 1, wherein a given additional processor assigned to a given subnetwork having K input lines and K output lines, 2<K<N, is configured to receive a K-by-K sub-permutation produced at processing an outer nesting level, to determine the states of 2-by-2 switches coupled to the K input lines and to the K output lines based on the received sub-permutation, and to produce sub-permutations for configuring K/2-by-K/2 subnetworks of the K-by-K subnetwork.","11. The method according to claim 10, wherein determining the setting further comprises producing sub-permutations specifying connections required between N/2 input lines and N/2 output lines of respective subnetworks of the Benes network.","12. The method according to claim 10, wherein determining a sub-setting for a given subnetwork having K input lines and K output lines, 2<K<N, comprises receiving a K-by-K sub-permutation produced at processing an outer nesting level, determining, based on the received sub-permutation, the states of 2-by-2 switches coupled to the K input lines and to the K output lines, and producing sub-permutations for configuring K/2-by-K/2 subnetworks of the K-by-K subnetwork.","17. The system of claim 9, wherein the first remote processor is configured to execute a multilateration model to determine the location of the gunshot by:
generating a list of a plurality of permutations of the subset of edge devices and a potential gunshot location for each of the plurality of permutations;
calculating an average location of the potential location for each of the plurality of permutations;
removing a first permutation from the list responsive to the first permutation having a first potential location farthest from the average location; and
determining the location of the gunshot as the potential location for a permutation remaining on the list after removing the first permutation from the list.","4. The routing controller according to claim 1, wherein the main processor and the additional processors comprise dedicated hardware processors, and wherein a given additional processor assigned to a subnetwork of a given nesting level is configured to communicate sub-permutations for configuring subnetworks of a subsequent inner nesting level via buffers."
evaluated,MRI method to characterize long-time-constant eddy currents using calibration scans and pseudo-continuous acquisition sequences,1,0,12405337-CLM-1,,,,,,,,,,2739.217529,,,,,,,,,,400,200,TRUE,1,1,1,TRUE,1,1,1,0.1,1,1,1,12405337-CLM-1,12405337-CLM-9,12405337-CLM-17,12405337-CLM-5,12405337-CLM-6,12405315-CLM-4,12405336-CLM-4,12405337-CLM-8,12405315-CLM-9,12405337-CLM-14,2739.217529,2618.635742,2454.612061,2267.860352,2253.021973,2207.598145,2192.92627,2189.335938,2184.495117,2181.543457,TRUE,FALSE,FALSE,FALSE,FALSE,FALSE,FALSE,FALSE,FALSE,FALSE,"1. A computer-implemented method for measuring eddy currents with long time constants, comprising:
initiating, via a processor, a calibration scan of a phantom utilizing a magnetic resonance imaging (MRI) scanner;
utilizing, via the processor, a train of gradient echo sequences to simultaneously generate and measure the eddy currents during the calibration scan, wherein both eddy current generation and measurement are completed within each gradient echo sequence of the train of gradient echo sequences;
acquiring, via the processor, k-space data from the train of gradient echo sequences;
converting, via the processor, the k-space data to eddy current gradient fields; and
estimating, via the processor, the eddy currents as a function of time based on the eddy current gradient fields.","9. A system for measuring eddy currents with long time constants, comprising:
a memory encoding processor-executable routines; and
a processor configured to access the memory and to execute the processor-executable routines, wherein the processor-executable routines, when executed by the processor, cause the processor to:
initiate a calibration scan of a phantom utilizing a magnetic resonance imaging (MRI) scanner;
utilize a train of gradient echo sequences to simultaneously generate and measure the eddy currents during the calibration scan, wherein both eddy current generation and measurement are completed within each gradient echo sequence of the train of gradient echo sequences;
acquire k-space data from the train of gradient echo sequences;
convert the k-space data to eddy current gradient fields; and
estimate the eddy currents as a function of time based on the eddy current gradient fields.","17. A non-transitory computer-readable medium, the non-transitory computer-readable medium comprising processor-executable code that when executed by a processor, causes the processor to:
initiate a calibration scan of a phantom utilizing a magnetic resonance imaging (MRI) scanner;
utilize a train of gradient echo sequences to simultaneously generate and measure eddy currents during the calibration scan, wherein both eddy current generation and measurement are completed within each gradient echo sequence of the train of gradient echo sequences;
acquire k-space data from the train of gradient echo sequences;
convert the k-space data to eddy current gradient fields; and
estimate the eddy currents as a function of time based on the eddy current gradient fields.","5. The computer-implemented method of claim 1, wherein the estimated eddy currents have a time constant at least two times longer than a time repetition of each gradient echo sequence of the train of gradient echo sequences.","6. The computer-implemented method of claim 5, wherein the induced eddy current can be approximated as resulting from a constant gradient with a duration equal to the time repetition and an amplitude equivalent to an average gradient, wherein the average gradient is a total gradient area of a respective gradient echo sequence of the train of gradient echo sequences divided by the time repetition.","4. The fuel cell aging prediction method according to claim 3, wherein stack voltage time series data, active area time series data and hydrogen permeation current time series data are analyzed by a factor analysis method or an information weight method to obtain the weight factor of the voltage, the weight factor of the active area and the weight factor of the hydrogen permeation current; the stack voltage time series data is time series data obtained by sorting the stack voltages in the measurement data set according to the sequence of acquisition time; the active area time series data is time series data obtained by sorting the active areas in the measurement data set according to the sequence of acquisition time; the hydrogen permeation current time series data is time series data obtained by sorting the hydrogen permeation currents in the measurement data set according to sequence of acquisition time.","4. A method for calibrating a piece of MRI tomography equipment to compensate for degradations in quality of images provided by the equipment to be calibrated and caused by malfunction of the equipment to be calibrated, MRI sequence limitations or image artifacts, the method comprising a step of determining an origin of the degradations in the quality of the images, the step comprising:
constructing a pair of phantoms comprising a physical phantom and a digital twin phantom;
acquiring a real image of the physical phantom using an MRI sequence on the piece of MRI tomography equipment to be calibrated;
generating a virtual image of the digital twin phantom on a basis of the characteristics of the piece of MRI equipment to be calibrated by solving Bloch equations on-the-fly, without recording spin trajectories, applied to the characteristics of the physical phantom as a function of the characteristics of the MRI sequence;
comparing the virtual image generated and the real image acquired to identify and characterize errors linked to the malfunctions of the equipment to be calibrated, to the MRI sequence limitations or to the image artifacts based on the differences observed between the virtual image and the real image.","8. The computer-implemented method of claim 5, wherein estimating the eddy currents as a function of time (Gec(t)) comprises utilizing the following equation:







G
ec

(
t
)

=


G
ave

*
α
*

(

1
-

e


-
t

/
TC



)



,




wherein Gave is an average gradient, α is an eddy current amplitude in percentage, t is time, and TC is a time constant of a respective eddy current.","9. The fuel cell aging prediction system according to claim 8, wherein stack voltage time series data, active area time series data and hydrogen permeation current time series data are analyzed by a factor analysis method or an information weight method to obtain the weight factor of the voltage, the weight factor of the active area and the weight factor of the hydrogen permeation current; the stack voltage time series data is time series data obtained by sorting the stack voltages in the measurement data set according to the sequence of acquisition time; the active area time series data is time series data obtained by sorting the active areas in the measurement data set according to the sequence of acquisition time; the hydrogen permeation current time series data is time series data obtained by sorting the hydrogen permeation currents in the measurement data set according to sequence of acquisition time.","14. The system of claim 13, wherein the induced eddy current can be approximated as resulting from a constant gradient with a duration equal to the time repetition and an amplitude equivalent to an average gradient, wherein the average gradient is a total gradient area of a respective gradient echo sequence of the train of gradient echo sequences divided by the time repetition."
evaluated,Using a balanced gradient-echo segment within a gradient-echo train to measure and correct eddy-current effects,1,0,12405337-CLM-2,,,,,,,,,,2396.804688,,,,,,,,,,400,200,TRUE,1,2,2,TRUE,1,2,2,0.1,1,0.630929754,0.5,12405337-CLM-10,12405337-CLM-2,12405337-CLM-1,12405337-CLM-9,12405337-CLM-17,12405337-CLM-11,12405337-CLM-3,12405337-CLM-12,12405337-CLM-6,12405337-CLM-4,2409.827637,2396.804688,2299.847412,2271.755615,2229.515625,2185.488525,2171.406982,2162.41748,2160.128174,2157.578613,FALSE,TRUE,FALSE,FALSE,FALSE,FALSE,FALSE,FALSE,FALSE,FALSE,"10. The system of claim 9, wherein a first portion of each gradient echo sequence of the train of gradient echo sequences comprises a balanced gradient echo for eddy current measurement, wherein the balanced gradient echo has a balanced readout gradient and slice gradient to avoid eddy current effect.","2. The computer-implemented method of claim 1, wherein a first portion of each gradient echo sequence of the train of gradient echo sequences comprises a balanced gradient echo for eddy current measurement, wherein the balanced gradient echo has a balanced readout gradient and slice gradient to avoid eddy current effect.","1. A computer-implemented method for measuring eddy currents with long time constants, comprising:
initiating, via a processor, a calibration scan of a phantom utilizing a magnetic resonance imaging (MRI) scanner;
utilizing, via the processor, a train of gradient echo sequences to simultaneously generate and measure the eddy currents during the calibration scan, wherein both eddy current generation and measurement are completed within each gradient echo sequence of the train of gradient echo sequences;
acquiring, via the processor, k-space data from the train of gradient echo sequences;
converting, via the processor, the k-space data to eddy current gradient fields; and
estimating, via the processor, the eddy currents as a function of time based on the eddy current gradient fields.","9. A system for measuring eddy currents with long time constants, comprising:
a memory encoding processor-executable routines; and
a processor configured to access the memory and to execute the processor-executable routines, wherein the processor-executable routines, when executed by the processor, cause the processor to:
initiate a calibration scan of a phantom utilizing a magnetic resonance imaging (MRI) scanner;
utilize a train of gradient echo sequences to simultaneously generate and measure the eddy currents during the calibration scan, wherein both eddy current generation and measurement are completed within each gradient echo sequence of the train of gradient echo sequences;
acquire k-space data from the train of gradient echo sequences;
convert the k-space data to eddy current gradient fields; and
estimate the eddy currents as a function of time based on the eddy current gradient fields.","17. A non-transitory computer-readable medium, the non-transitory computer-readable medium comprising processor-executable code that when executed by a processor, causes the processor to:
initiate a calibration scan of a phantom utilizing a magnetic resonance imaging (MRI) scanner;
utilize a train of gradient echo sequences to simultaneously generate and measure eddy currents during the calibration scan, wherein both eddy current generation and measurement are completed within each gradient echo sequence of the train of gradient echo sequences;
acquire k-space data from the train of gradient echo sequences;
convert the k-space data to eddy current gradient fields; and
estimate the eddy currents as a function of time based on the eddy current gradient fields.","11. The system of claim 10, wherein a second portion of a set of gradient echo sequences of the train of gradient echo sequences comprises an eddy current excitation gradient for eddy current generation.","3. The computer-implemented method of claim 2, wherein a second portion of a set of gradient echo sequences of the train of gradient echo sequences comprises an eddy current excitation gradient for eddy current generation.","12. The system of claim 11, wherein the second portion of some gradient echo sequences of the set of gradient echo sequences comprises a negative eddy current excitation gradient and the second portion of some gradient echo sequences of the set of gradient echo sequences comprises a positive eddy current excitation gradient.","6. The computer-implemented method of claim 5, wherein the induced eddy current can be approximated as resulting from a constant gradient with a duration equal to the time repetition and an amplitude equivalent to an average gradient, wherein the average gradient is a total gradient area of a respective gradient echo sequence of the train of gradient echo sequences divided by the time repetition.","4. The computer-implemented method of claim 3, wherein the second portion of some gradient echo sequences of the set of gradient echo sequences comprises a negative eddy current excitation gradient and the second portion of some gradient echo sequences of the set of gradient echo sequences comprises a positive eddy current excitation gradient."
evaluated,Restricting handover or connection changes when a device is in an overlap region between terrestrial and non-terrestrial networks,1,0,12408099-CLM-1,,,,,,,,,,2299.502441,,,,,,,,,,400,200,TRUE,1,7,7,TRUE,1,3,3,0.1,1,0.5,0.333333333,12408099-CLM-7,12408099-CLM-6,12408099-CLM-1,12408099-CLM-9,12408099-CLM-8,12408099-CLM-5,12407405-CLM-13,12407405-CLM-7,12407405-CLM-1,12408091-CLM-16,2364.316406,2352.88208,2299.502441,2295.597168,2279.160889,2243.326904,2130.955322,2125.053467,2122.112305,1976.430176,FALSE,FALSE,TRUE,FALSE,FALSE,FALSE,FALSE,FALSE,FALSE,FALSE,"7. A non-transitory computer-readable medium storing a communication control program causing a computer to perform:
identifying an overlapping area of a first location registration area including at least one terrestrial communication cell provided on the ground by a terrestrial base station installed on the ground and a second location registration area including at least one non-terrestrial communication cell provided on the ground by a flying non-terrestrial base station;
detecting that a communication device in the overlapping area is connected to one base station of the terrestrial base station and the non-terrestrial base station;
restricting change of connection destination of the communication device from the one base station to another base station of the terrestrial base station and the non-terrestrial base station while the communication device is in the overlapping area;
retaining connection history information to the one base station, when the connection destination of the communication device in the overlapping area is changed from the one base station to the another base station;
generating an area change notification when the location registration area to which the communication device is connected is changed; and
not generating an area change notification when the connection destination of the communication device in the overlapping area is changed from the another base station to the one base station for which the connection history information is retained.","6. A communication control method comprising:
identifying an overlapping area of a first location registration area including at least one terrestrial communication cell provided on the ground by a terrestrial base station installed on the ground and a second location registration area including at least one non-terrestrial communication cell provided on the ground by a flying non-terrestrial base station;
detecting that a communication device in the overlapping area is connected to one base station of the terrestrial base station and the non-terrestrial base station;
restricting change of connection destination of the communication device from the one base station to another base station of the terrestrial base station and the non-terrestrial base station while the communication device is in the overlapping area;
retaining connection history information to the one base station, when the connection destination of the communication device in the overlapping area is changed from the one base station to the another base station;
generating an area change notification when the location registration area to which the communication device is connected is changed; and
not generating an area change notification when the connection destination of the communication device in the overlapping area is changed from the another base station to the one base station for which the connection history information is retained.","1. A communication control apparatus, comprising:
an overlapping area identification unit that identifies an overlapping area of a first location registration area including at least one terrestrial communication cell provided on the ground by a terrestrial base station installed on the ground and a second location registration area including at least one non-terrestrial communication cell provided on the ground by a flying non-terrestrial base station;
a connection detection unit that detects that a communication device in the overlapping area is connected to one base station of the terrestrial base station and the non-terrestrial base station;
a connection change restriction unit that restricts change of connection destination of the communication device from the one base station to another base station of the terrestrial base station and the non-terrestrial base station while the communication device is in the overlapping area;
a connection history information retention unit that retains connection history information to the one base station, when the connection destination of the communication device in the overlapping area is changed from the one base station to the another base station; and
an area change notification unit that generates an area change notification when the location registration area to which the communication device is connected is changed, and does not generate an area change notification when the connection destination of the communication device in the overlapping area is changed from the another base station to the one base station for which the connection history information is retained.","9. A non-transitory computer-readable medium storing a communication control program causing a computer to perform:
identifying an overlapping area of a first location registration area including at least one terrestrial communication cell provided on the ground by a terrestrial base station installed on the ground and a second location registration area including at least one non-terrestrial communication cell provided on the ground by a flying non-terrestrial base station;
retaining connection history information to the one base station, when the connection destination of the communication device in the overlapping area is changed from one base station to another base station of the terrestrial base station and the non-terrestrial base station; and
generating an area change notification when the location registration area to which the communication device is connected is changed, and not generating an area change notification when the connection destination of the communication device in the overlapping area is changed from the another base station to the one base station for which the connection history information is retained.","8. A communication control method comprising:
identifying an overlapping area of a first location registration area including at least one terrestrial communication cell provided on the ground by a terrestrial base station installed on the ground and a second location registration area including at least one non-terrestrial communication cell provided on the ground by a flying non-terrestrial base station;
retaining connection history information to the one base station, when the connection destination of the communication device in the overlapping area is changed from one base station to another base station of the terrestrial base station and the non-terrestrial base station; and
generating an area change notification when the location registration area to which the communication device is connected is changed, and not generating an area change notification when the connection destination of the communication device in the overlapping area is changed from the another base station to the one base station for which the connection history information is retained.","5. A communication control apparatus comprising:
an overlapping area identification unit that identifies an overlapping area of a first location registration area including at least one terrestrial communication cell provided on the ground by a terrestrial base station installed on the ground and a second location registration area including at least one non-terrestrial communication cell provided on the ground by a flying non-terrestrial base station;
a connection history information retention unit that retains connection history information to the one base station, when the connection destination of the communication device in the overlapping area is changed from one base station to another base station of the terrestrial base station and the non-terrestrial base station; and
an area change notification unit that generates an area change notification when the location registration area to which the communication device is connected is changed, and does not generate an area change notification when the connection destination of the communication device in the overlapping area is changed from the another base station to the one base station for which the connection history information is retained.","13. A method, comprising:
connecting to a base station of a wireless network;
receiving, from a first Non-Terrestrial Network (“NTN”) node of a plurality of NTN nodes, telemetry information associated with the plurality of NTN nodes, wherein the received telemetry information is broadcasted from the first NTN node and is received by the device without connecting to the first NTN node, wherein the received telemetry information includes:
first telemetry information associated with the first NTN node, and
second telemetry information associated with a second NTN node of the plurality of NTN nodes;

determining, based on the first telemetry information, that a distance between a device and the first NTN node is increasing as a function of time;
determining, based on the second telemetry information, that a distance between the device and the second NTN node is decreasing as a function of time;
identifying a particular handover condition;
selecting, based on identifying the particular handover condition, a particular NTN node of the plurality of NTN nodes, wherein selecting the particular NTN node includes selecting the second NTN node based on determining that the distance between the device and the first NTN node is increasing as a function of time and further based on determining that the distance between the device and the second NTN node is decreasing as a function of time;
initiating a handover procedure from the base station of the wireless network to the second NTN node; and
connecting to the second NTN node based on the handover procedure.","7. A non-transitory computer-readable medium, storing a plurality of processor-executable instructions to:
connect to a base station of a wireless network;
receive, from a first Non-Terrestrial Network (“NTN”) node of a plurality of NTN nodes, telemetry information associated with the plurality of NTN nodes, wherein the received telemetry information is broadcasted from the first NTN node and is received by the device without connecting to the first NTN node, wherein the received telemetry information includes:
first telemetry information associated with the first NTN node, and
second telemetry information associated with a second NTN node of the plurality of NTN nodes;

determine, based on the first telemetry information, that a distance between a device and the first NTN node is increasing as a function of time;
determine, based on the second telemetry information, that a distance between the device and the second NTN node is decreasing as a function of time;
identify a particular handover condition;
select, based on identifying the particular handover condition, a particular NTN node of the plurality of NTN nodes, wherein selecting the particular NTN node includes selecting the second NTN node based on determining that the distance between the device and the first NTN node is increasing as a function of time and further based on determining that the distance between the device and the second NTN node is decreasing as a function of time;
initiate a handover procedure from the base station of the wireless network to the second NTN node; and
connect to the second NTN node based on the handover procedure.","1. A device, comprising:
one or more processors configured to:
connect to a base station of a wireless network;
receive, from a first Non-Terrestrial Network (“NTN”) node of a plurality of NTN nodes, telemetry information associated with the plurality of NTN nodes, wherein the received telemetry information is broadcasted from the first NTN node and is received by the device without connecting to the first NTN node, wherein the received telemetry information includes:
first telemetry information associated with the first NTN node, and
second telemetry information associated with a second NTN node of the plurality of NTN nodes;

determine, based on the first telemetry information, that a distance between the device and the first NTN node is increasing as a function of time;
determine, based on the second telemetry information, that a distance between the device and the second NTN node is decreasing as a function of time;
identify a particular handover condition;
select, based on identifying the particular handover condition, a particular NTN node of the plurality of NTN nodes, wherein selecting the particular NTN node includes selecting the second NTN node based on determining that the distance between the device and the first NTN node is increasing as a function of time and further based on determining that the distance between the device and the second NTN node is decreasing as a function of time;
initiate a handover procedure from the base station of the wireless network to the second NTN node; and
connect to the second NTN node based on the handover procedure.","16. A method for wireless communication, comprising:
sending, by a network device, first assistant information to a terminal device, wherein the first assistant information comprises information for cell reselection in a non-terrestrial network (NTN) cell, and the first assistant information is associated with one or more of the following information:
a sub-zone in the NTN cell, wherein the sub-zone is related to a coverage angle of a network device corresponding to the NTN cell; or
a terrestrial network (TN) cell comprised in the sub-zone in the NTN cell; and
wherein the terminal device is located in a first sub-zone of the NTN cell, and the cell reselection is performed in response to at least in part a first distance between the terminal device and a TN cell in the first sub-zone being less than a distance reselection threshold."
evaluated,Rejecting requests to switch the connection destination to another base station while an overlap-area restriction rule applies,1,0,12408099-CLM-2,,,,,,,,,,2297.259521,,,,,,,,,,400,200,TRUE,1,2,2,TRUE,1,1,1,0.1,1,1,1,12408099-CLM-2,12408099-CLM-6,12408099-CLM-7,12408099-CLM-1,12408099-CLM-8,12408099-CLM-3,12408099-CLM-9,12408099-CLM-5,12408082-CLM-6,12408082-CLM-14,2297.259521,2108.314453,2106.602295,2064.672852,2057.401123,2054.090088,2026.927856,2007.872314,1849.983765,1839.679077,TRUE,FALSE,FALSE,FALSE,FALSE,FALSE,FALSE,FALSE,FALSE,FALSE,"2. The communication control apparatus according to claim 1, wherein
the connection change restriction unit rejects at least one request for changing the connection destination to the another base station received from the communication device in the overlapping area.","6. A communication control method comprising:
identifying an overlapping area of a first location registration area including at least one terrestrial communication cell provided on the ground by a terrestrial base station installed on the ground and a second location registration area including at least one non-terrestrial communication cell provided on the ground by a flying non-terrestrial base station;
detecting that a communication device in the overlapping area is connected to one base station of the terrestrial base station and the non-terrestrial base station;
restricting change of connection destination of the communication device from the one base station to another base station of the terrestrial base station and the non-terrestrial base station while the communication device is in the overlapping area;
retaining connection history information to the one base station, when the connection destination of the communication device in the overlapping area is changed from the one base station to the another base station;
generating an area change notification when the location registration area to which the communication device is connected is changed; and
not generating an area change notification when the connection destination of the communication device in the overlapping area is changed from the another base station to the one base station for which the connection history information is retained.","7. A non-transitory computer-readable medium storing a communication control program causing a computer to perform:
identifying an overlapping area of a first location registration area including at least one terrestrial communication cell provided on the ground by a terrestrial base station installed on the ground and a second location registration area including at least one non-terrestrial communication cell provided on the ground by a flying non-terrestrial base station;
detecting that a communication device in the overlapping area is connected to one base station of the terrestrial base station and the non-terrestrial base station;
restricting change of connection destination of the communication device from the one base station to another base station of the terrestrial base station and the non-terrestrial base station while the communication device is in the overlapping area;
retaining connection history information to the one base station, when the connection destination of the communication device in the overlapping area is changed from the one base station to the another base station;
generating an area change notification when the location registration area to which the communication device is connected is changed; and
not generating an area change notification when the connection destination of the communication device in the overlapping area is changed from the another base station to the one base station for which the connection history information is retained.","1. A communication control apparatus, comprising:
an overlapping area identification unit that identifies an overlapping area of a first location registration area including at least one terrestrial communication cell provided on the ground by a terrestrial base station installed on the ground and a second location registration area including at least one non-terrestrial communication cell provided on the ground by a flying non-terrestrial base station;
a connection detection unit that detects that a communication device in the overlapping area is connected to one base station of the terrestrial base station and the non-terrestrial base station;
a connection change restriction unit that restricts change of connection destination of the communication device from the one base station to another base station of the terrestrial base station and the non-terrestrial base station while the communication device is in the overlapping area;
a connection history information retention unit that retains connection history information to the one base station, when the connection destination of the communication device in the overlapping area is changed from the one base station to the another base station; and
an area change notification unit that generates an area change notification when the location registration area to which the communication device is connected is changed, and does not generate an area change notification when the connection destination of the communication device in the overlapping area is changed from the another base station to the one base station for which the connection history information is retained.","8. A communication control method comprising:
identifying an overlapping area of a first location registration area including at least one terrestrial communication cell provided on the ground by a terrestrial base station installed on the ground and a second location registration area including at least one non-terrestrial communication cell provided on the ground by a flying non-terrestrial base station;
retaining connection history information to the one base station, when the connection destination of the communication device in the overlapping area is changed from one base station to another base station of the terrestrial base station and the non-terrestrial base station; and
generating an area change notification when the location registration area to which the communication device is connected is changed, and not generating an area change notification when the connection destination of the communication device in the overlapping area is changed from the another base station to the one base station for which the connection history information is retained.","3. The communication control apparatus according to claim 1, wherein
the connection change restriction unit notifies the communication device in the overlapping area that the first location registration area or the second location registration area that includes the another base station is a transition prohibited area.","9. A non-transitory computer-readable medium storing a communication control program causing a computer to perform:
identifying an overlapping area of a first location registration area including at least one terrestrial communication cell provided on the ground by a terrestrial base station installed on the ground and a second location registration area including at least one non-terrestrial communication cell provided on the ground by a flying non-terrestrial base station;
retaining connection history information to the one base station, when the connection destination of the communication device in the overlapping area is changed from one base station to another base station of the terrestrial base station and the non-terrestrial base station; and
generating an area change notification when the location registration area to which the communication device is connected is changed, and not generating an area change notification when the connection destination of the communication device in the overlapping area is changed from the another base station to the one base station for which the connection history information is retained.","5. A communication control apparatus comprising:
an overlapping area identification unit that identifies an overlapping area of a first location registration area including at least one terrestrial communication cell provided on the ground by a terrestrial base station installed on the ground and a second location registration area including at least one non-terrestrial communication cell provided on the ground by a flying non-terrestrial base station;
a connection history information retention unit that retains connection history information to the one base station, when the connection destination of the communication device in the overlapping area is changed from one base station to another base station of the terrestrial base station and the non-terrestrial base station; and
an area change notification unit that generates an area change notification when the location registration area to which the communication device is connected is changed, and does not generate an area change notification when the connection destination of the communication device in the overlapping area is changed from the another base station to the one base station for which the connection history information is retained.","6. The at least one non-transitory computer-readable storage medium of claim 1, comprising instructions to:
cause the base station to send to a second base station a notification that the mobile device is requesting the extended reality communication;
establish a connection between the mobile device and the second base station;
cause the second base station to determine whether the second base station can provide the extended reality communication to the mobile device, without the mobile device requesting the extended reality communication; and
upon causing the second base station to determine that the second base station can provide the extended reality communication to the mobile device, establish the extended reality communication between the mobile device and the second base station.","14. The system of claim 9, comprising instructions to:
cause the base station to send to a second base station a notification that the UE is requesting the throughput intensive communication;
establish a connection between the UE and the second base station;
cause the second base station to determine whether the second base station can provide the throughput intensive communication to the UE, without the UE requesting the throughput intensive communication; and
upon causing the second base station to determine that the second base station can provide the throughput intensive communication to the UE, establish the throughput intensive communication between the UE and the second base station."
evaluated,Vehicle-mounted projector attached to a rear door mechanism to project video when the vehicle is parked or open,1,0,12407800-CLM-1,,,,,,,,,,2578.202148,,,,,,,,,,400,200,TRUE,1,2,2,TRUE,1,2,2,0.1,1,0.630929754,0.5,12407800-CLM-19,12407800-CLM-1,12407800-CLM-14,12403843-CLM-16,12403843-CLM-1,12403843-CLM-15,12407800-CLM-18,12403843-CLM-14,12403829-CLM-10,12407800-CLM-4,2606.815674,2578.202148,2524.497559,2376.740967,2370.662598,2366.329834,2274.980957,2215.522949,2187.675781,2186.97998,FALSE,TRUE,FALSE,FALSE,FALSE,FALSE,FALSE,FALSE,FALSE,FALSE,"19. A projector arrangement for a vehicle, comprising:
an attachment mechanism selectively coupling with a rear door of the vehicle, the attachment mechanism comprising:
a clip; and
an elongate member;

a screen and at least one bracket configured to couple the screen with the vehicle proximate to a rear opening of the vehicle closed by the rear door in a closed position; and
a video projector coupled with the clip via the elongate member, the video projector configured to project an image onto the screen when the rear door is in an open position.","1. A projector arrangement for a vehicle, comprising:
an attachment mechanism selectively coupling with a rear door of the vehicle;
a video projector coupled with the attachment mechanism, the video projector configured to project image data in a direction toward the vehicle when the rear door is in an open position; and
a screen and at least one bracket configured to couple the screen with the vehicle proximate to a rear opening of the vehicle closed by the rear door in a closed position.","14. A vehicle, comprising:
a rear door rotatable between a closed position and an open position;
a projector arrangement including an attachment mechanism and a video projector, the attachment mechanism selectively coupling with the rear door, wherein the video projector is coupled with the attachment mechanism and is configured to project image data in a direction toward the vehicle when the rear door is in the open position, wherein the attachment mechanism includes at least one clip configured to engage a handle of the rear door.","16. A beam projector apparatus for a vehicle, the beam projector apparatus comprising:
a projector configured to provide a video; a tray box configured to accommodate the projector,
wherein the tray box is installed on an armrest of a rear seat; and
an adapter installed in the tray box such that the projector is docked on the adapter to charge the projector and transmit or receive data, wherein a height of the adapter is adjustable in an upward and downward direction, and a video output angle of the projector is changed when the height of the adapter is adjusted.","1. A beam projector apparatus for a vehicle, the beam projector apparatus comprising:
a projector configured to provide a video; and
a tray box configured to accommodate the projector,
wherein the tray box is installed on an armrest of a rear seat, wherein the tray box is opened at an upper side thereof to receive or withdraw the projector, an upper cap is coupled to the opened upper side of the tray box, and a slide door is coupled to the upper cap and opens or closes the tray box.","15. A beam projector apparatus for a vehicle, the beam projector apparatus comprising:
a projector configured to provide a video; and
a tray box configured to accommodate the projector,
wherein the tray box is installed on an armrest of a rear seat, wherein the tray box is opened at an upper side thereof to receive or withdraw the projector, and a rotary door is installed on an upper portion of the tray box and opens or closes the tray box.","18. The vehicle of claim 15, wherein the projector arrangement includes a screen and at least one bracket configured to couple the screen with the vehicle proximate to a rear opening of the vehicle closed by the rear door in the closed position.","14. The beam projector apparatus of claim 1, wherein the video provided from the projector installed on the armrest is projected onto a screen provided in a vehicle interior, for passenger viewing.","10. A rearview mirror assembly for a vehicle, the rearview mirror assembly comprising:
an electrochromic mirror element having a front substrate and a rear substrate behind the front substrate, the rear substrate including a front surface and a rear surface;
a mounting mechanism configured to be mounted to the vehicle, the mounting mechanism including a ball stud and a socket for receiving a ball of the ball stud, wherein the mounting mechanism is further configured such that one of the ball stud and the socket includes a mounting plate that is adhesively attached to the rear surface of the rear substrate; and
a mirror housing secured to the mirror element so as to extend behind the rear surface of the rear substrate and around the one of the ball stud and the socket that is attached to the rear surface.","4. The projector arrangement of claim 3, wherein the at least one clip includes a first clip corresponding to a first elongate member and a second clip corresponding to a second elongate member, the first and second elongate members laterally spacing the video projector from the handle when the attachment mechanism is coupled with the rear door."
evaluated,Clip-based attachment that hooks onto a rear door handle to mount a vehicle projector assembly,1,0,12407800-CLM-2,,,,,,,,,,1962.847778,,,,,,,,,,400,200,TRUE,1,3,3,TRUE,1,3,3,0.1,1,0.5,0.333333333,12407800-CLM-14,12407800-CLM-19,12407800-CLM-2,12407800-CLM-1,12407800-CLM-4,12407800-CLM-15,12403843-CLM-15,12403843-CLM-1,12407800-CLM-18,12403734-CLM-16,2041.515381,2035.05603,1962.847778,1928.285645,1891.341187,1873.862793,1858.481323,1856.190308,1778.192383,1760.881592,FALSE,FALSE,TRUE,FALSE,FALSE,FALSE,FALSE,FALSE,FALSE,FALSE,"14. A vehicle, comprising:
a rear door rotatable between a closed position and an open position;
a projector arrangement including an attachment mechanism and a video projector, the attachment mechanism selectively coupling with the rear door, wherein the video projector is coupled with the attachment mechanism and is configured to project image data in a direction toward the vehicle when the rear door is in the open position, wherein the attachment mechanism includes at least one clip configured to engage a handle of the rear door.","19. A projector arrangement for a vehicle, comprising:
an attachment mechanism selectively coupling with a rear door of the vehicle, the attachment mechanism comprising:
a clip; and
an elongate member;

a screen and at least one bracket configured to couple the screen with the vehicle proximate to a rear opening of the vehicle closed by the rear door in a closed position; and
a video projector coupled with the clip via the elongate member, the video projector configured to project an image onto the screen when the rear door is in an open position.","2. The projector arrangement of claim 1, wherein the attachment mechanism includes at least one clip configured to engage a handle of the rear door.","1. A projector arrangement for a vehicle, comprising:
an attachment mechanism selectively coupling with a rear door of the vehicle;
a video projector coupled with the attachment mechanism, the video projector configured to project image data in a direction toward the vehicle when the rear door is in an open position; and
a screen and at least one bracket configured to couple the screen with the vehicle proximate to a rear opening of the vehicle closed by the rear door in a closed position.","4. The projector arrangement of claim 3, wherein the at least one clip includes a first clip corresponding to a first elongate member and a second clip corresponding to a second elongate member, the first and second elongate members laterally spacing the video projector from the handle when the attachment mechanism is coupled with the rear door.","15. The vehicle of claim 14, further comprising:
a handle extending from a vehicle interior surface of the rear door, wherein the attachment mechanism includes at least one clip configured to engage the handle.","15. A beam projector apparatus for a vehicle, the beam projector apparatus comprising:
a projector configured to provide a video; and
a tray box configured to accommodate the projector,
wherein the tray box is installed on an armrest of a rear seat, wherein the tray box is opened at an upper side thereof to receive or withdraw the projector, and a rotary door is installed on an upper portion of the tray box and opens or closes the tray box.","1. A beam projector apparatus for a vehicle, the beam projector apparatus comprising:
a projector configured to provide a video; and
a tray box configured to accommodate the projector,
wherein the tray box is installed on an armrest of a rear seat, wherein the tray box is opened at an upper side thereof to receive or withdraw the projector, an upper cap is coupled to the opened upper side of the tray box, and a slide door is coupled to the upper cap and opens or closes the tray box.","18. The vehicle of claim 15, wherein the projector arrangement includes a screen and at least one bracket configured to couple the screen with the vehicle proximate to a rear opening of the vehicle closed by the rear door in the closed position.","16. A trailer coupling structure of a vehicle, the trailer coupling structure comprising:
the rear structure according to claim 8; and
a hitch member comprising a member main body horizontally extending in a front-rear direction of the vehicle,
wherein a front end of the hitch member is attached to the attachment part of the interposed member, and
wherein a rear end of the hitch member is coupled to a ball mount comprising a hitch ball."
evaluated,Distributing local API authorization policies to agents across multiple computers for on-device API call authorization,1,0,12407647-CLM-1,,,,,,,,,,2179.2854,,,,,,,,,,400,200,TRUE,1,1,1,TRUE,1,1,1,0.1,1,1,1,12407647-CLM-1,12407647-CLM-17,12407647-CLM-14,12405948-CLM-1,12407647-CLM-18,12406084-CLM-5,12406084-CLM-19,12406084-CLM-4,12405948-CLM-11,12405948-CLM-13,2179.2854,2094.253906,2020.606812,1950.594482,1949.645752,1829.428589,1761.076416,1718.328125,1684.931152,1674.891846,TRUE,FALSE,FALSE,FALSE,FALSE,FALSE,FALSE,FALSE,FALSE,FALSE,"1. A method for providing policies to a plurality of local API (Application Programming Interface) authorization agents executing on a plurality of computers to use to authorize API calls for processing by applications executing on the plurality of computers, the method comprising:
receiving definitions of a plurality of authorization policies for a set of one or more API calls to the applications executing on the plurality of computers;
storing the plurality of authorization policies; and
distributing different sets of authorization policies to different local controllers executing on the plurality of computers, each particular set of authorization policies distributed to each particular local controller comprising one or more authorization policies relevant for processing API calls to a set of one or more applications executing on a same host computer as the particular local controller, wherein for each application of a set of applications executing on a particular computer, the local controller executing on the particular computer identifies policies applicable to the particular application and provides to a local API authorization agent executing on the particular computer that authorizes API calls for processing by the particular application (i) the policies applicable to the application and (ii) parameter values retrieved from local data sources for use in evaluating the policies.","17. A system comprising:
a set of one or more servers that receive definitions of a plurality of authorization policies for API (application programming interface) calls to applications and that store the plurality of authorization policies; and
a plurality of computers, each computer executing:
a set of one or more applications that receive and process API calls;
a set of one or more local API authorization agents that authorize API calls to the set of applications according to the authorization policies relevant to the set of applications; and
a set of one or more local controllers that receive authorization policies relevant to the set of applications from the set of one or more servers and, for each application executing on the computer, identify policies applicable to the application and provide to one of the local API authorization agents executing on the particular computer that authorizes API calls for processing by the application, (i) the policies relevant to the application and (ii) parameter values retrieved from local data sources for use in evaluating the policies.","14. The method of claim 1, wherein a specific set of authorization policies are distributed to a specific local controller on a specific computer after receiving a query, from a local API authorization agent executing on the specific computer via the specific local controller executing on the specific computer, for policies relevant to the local API authorization agent.","1. For a policy agent that executes on a host computer to process API-authorization requests from at least one application executing on the host computer, a method for optimizing performance for policies that perform search operations on datasets, the method comprising:
receiving an API-authorization request to authorize;
using a pre-generated index to generate a tree structure, wherein the pre-generated index is generated before the API-authorization request is received to speed up processing of the API-authorization request that is subsequently received; and
using the generated tree structure to evaluate whether the API-authorization request should be authorized.","18. The system of claim 17, wherein the set of local controllers executing on a particular computer provides the policies and parameter values relevant to a particular application to a particular local API authorization agent by populating an API authorization storage that is accessed by the particular local API authorization agent.","5. The method of claim 1 further comprising enforcing, by the controller, role-based authorization for access to the API server including verifying user permissions associated with each API call to restrict access to specific data operations or entity profiles based on a user's assigned role.","19. The apparatus of claim 15 further comprising program instructions stored on the one or more storage media to cause the processor to perform operations comprising:
enforcing, by the controller, role-based authorization for access to the API server including verifying user permissions associated with each API call to restrict access to specific data operations or entity profiles based on a user's assigned role.","4. The method of claim 1 further comprising implementing, by the controller, secure authentication mechanisms for access to the API server including requiring user systems to provide valid API keys or OAuth tokens with each API call.","11. A non-transitory machine readable medium storing a comprehension indexing program for execution by at least one processing unit, the program for optimizing performance for policies that perform search operations on datasets, the program comprising sets of instructions for:
receiving an API-authorization request to authorize;
using a pre-generated index to generate a tree structure, wherein the pre-generated index is generated before the API-authorization request is received to speed up processing of the API-authorization request that is subsequently received; and
using the generated tree structure to evaluate whether the API-authorization request should be authorized.","13. The non-transitory machine readable medium of claim 12, wherein the pre-generated index is generated by performing an offline process for the particular API-authorization policy, wherein the offline process identifies one or more statements in the particular API-authorization policy that can be indexed."
evaluated,"Using a logically centralized policy server to receive, store, and distribute API authorization policies to local agents",1,0,12407647-CLM-2,,,,,,,,,,2134.723877,,,,,,,,,,400,200,TRUE,1,12,12,TRUE,1,5,5,0.1,1,0.386852807,0.2,12407647-CLM-1,12407647-CLM-17,12407647-CLM-14,12405948-CLM-1,12407647-CLM-2,12407647-CLM-18,12405948-CLM-11,12407701-CLM-15,12407647-CLM-12,12407647-CLM-19,2318.348145,2270.754395,2189.381348,2156.539307,2134.723877,2094.765381,1968.333984,1943.933228,1932.344116,1925.852051,FALSE,FALSE,FALSE,FALSE,TRUE,FALSE,FALSE,FALSE,FALSE,FALSE,"1. A method for providing policies to a plurality of local API (Application Programming Interface) authorization agents executing on a plurality of computers to use to authorize API calls for processing by applications executing on the plurality of computers, the method comprising:
receiving definitions of a plurality of authorization policies for a set of one or more API calls to the applications executing on the plurality of computers;
storing the plurality of authorization policies; and
distributing different sets of authorization policies to different local controllers executing on the plurality of computers, each particular set of authorization policies distributed to each particular local controller comprising one or more authorization policies relevant for processing API calls to a set of one or more applications executing on a same host computer as the particular local controller, wherein for each application of a set of applications executing on a particular computer, the local controller executing on the particular computer identifies policies applicable to the particular application and provides to a local API authorization agent executing on the particular computer that authorizes API calls for processing by the particular application (i) the policies applicable to the application and (ii) parameter values retrieved from local data sources for use in evaluating the policies.","17. A system comprising:
a set of one or more servers that receive definitions of a plurality of authorization policies for API (application programming interface) calls to applications and that store the plurality of authorization policies; and
a plurality of computers, each computer executing:
a set of one or more applications that receive and process API calls;
a set of one or more local API authorization agents that authorize API calls to the set of applications according to the authorization policies relevant to the set of applications; and
a set of one or more local controllers that receive authorization policies relevant to the set of applications from the set of one or more servers and, for each application executing on the computer, identify policies applicable to the application and provide to one of the local API authorization agents executing on the particular computer that authorizes API calls for processing by the application, (i) the policies relevant to the application and (ii) parameter values retrieved from local data sources for use in evaluating the policies.","14. The method of claim 1, wherein a specific set of authorization policies are distributed to a specific local controller on a specific computer after receiving a query, from a local API authorization agent executing on the specific computer via the specific local controller executing on the specific computer, for policies relevant to the local API authorization agent.","1. For a policy agent that executes on a host computer to process API-authorization requests from at least one application executing on the host computer, a method for optimizing performance for policies that perform search operations on datasets, the method comprising:
receiving an API-authorization request to authorize;
using a pre-generated index to generate a tree structure, wherein the pre-generated index is generated before the API-authorization request is received to speed up processing of the API-authorization request that is subsequently received; and
using the generated tree structure to evaluate whether the API-authorization request should be authorized.","2. The method of claim 1, wherein the receiving, storing, and distributing are performed by a set of one or more servers that acts as a logically centralized resource for defining, storing, distributing, and enforcing the policies to authorize the API calls for processing by the applications.","18. The system of claim 17, wherein the set of local controllers executing on a particular computer provides the policies and parameter values relevant to a particular application to a particular local API authorization agent by populating an API authorization storage that is accessed by the particular local API authorization agent.","11. A non-transitory machine readable medium storing a comprehension indexing program for execution by at least one processing unit, the program for optimizing performance for policies that perform search operations on datasets, the program comprising sets of instructions for:
receiving an API-authorization request to authorize;
using a pre-generated index to generate a tree structure, wherein the pre-generated index is generated before the API-authorization request is received to speed up processing of the API-authorization request that is subsequently received; and
using the generated tree structure to evaluate whether the API-authorization request should be authorized.","15. The system of claim 13, wherein the processor is further configured to execute the instructions to:
manage a policy repository configured to store a plurality of community policies that are available for use by a plurality of different client entities; and
store, in response to the generating of the community policy, the community policy within the policy repository.","12. The method of claim 7, wherein distributing the different sets of authorization policies to the different local controllers comprises distributing different portions of the namespace to the different local controllers.","19. The system of claim 17, wherein the policies relevant to a particular application are distributed by the set of one or more servers to a particular local controller in response to a request for the policies from the particular local controller."
evaluated,Monitoring hydraulic systems by measuring fluid conditions using acoustic pressure sensors at two locations in a fluid line,1,0,12405249-CLM-1,,,,,,,,,,2000.802368,,,,,,,,,,400,200,TRUE,1,7,7,TRUE,1,10,10,0.1,1,0.289064826,0.1,12403268-CLM-17,12405249-CLM-33,12405249-CLM-2,12402797-CLM-2,12405249-CLM-24,12404854-CLM-13,12405249-CLM-10,12405249-CLM-25,12404854-CLM-1,12405249-CLM-1,2081.994385,2057.991455,2031.856934,2030.22998,2030.173096,2021.888794,2019.812988,2013.84729,2008.5979,2000.802368,FALSE,FALSE,FALSE,FALSE,FALSE,FALSE,FALSE,FALSE,FALSE,TRUE,"17. The fluid management system of claim 1, wherein the one or more non-contact sensors of the control system comprises a pressure sensor connected to a port of the fluid conditioner such that the pressure sensor measures a fluid pressure in the outlet chamber, wherein the fluid presence sensor disposed proximate to the outlet chamber is a midpoint fluid presence sensor aligned with a midpoint of the outlet chamber, and wherein the control system is configured to expel the excess air from the outlet chamber when the pressure sensor is detecting a positive pressure in the outlet chamber and the midpoint fluid presence sensor is not detecting the fluid.",33. The fluid measuring method of claim 24 further comprising positioning the first acoustic pressure sensor and the second acoustic pressure sensor in fluid communication with the process fluid.,2. The fluid measuring system of claim 1 wherein the first acoustic pressure sensor and the second acoustic pressure sensor are not positioned on the flexible hydraulic hose.,"the plurality of optical sensors forming a sensor arrangement comprising first and second optical pressure sensors at respective sensor locations spaced apart lengthwise within a distal end portion of the catheter tubing, with an aperture in the catheter tubing adjacent each optical pressure sensor for fluid contact; and wherein the pressure sensor locations are configured to place the first pressure sensor in the left atrium (LA) for monitoring of LA pressure and to place the second pressure sensor downstream of the cardiac shunt, for concurrent blood pressure measurements at each optical pressure sensor location.","24. A fluid measuring method comprising:
providing a piping network comprising;
a flexible hydraulic hose comprising:
a hose length;
a hose diameter
a first end portion and a second end portion; and

a first fitting coupled to the first end portion and a second fitting coupled to the second end portion;
an acoustic array comprising:
a first acoustic pressure sensor positioned proximate the first fitting;
a second acoustic pressure sensor positioned proximate the second fitting; and
an acoustic aperture that spans an aperture length between the first acoustic pressure sensor and the second acoustic pressure sensor;


providing a processing unit; and
determining, with the processing unit, a speed of sound of a process fluid within the piping network and within acoustic aperture using the first acoustic pressure sensor and the second acoustic pressure sensor.","13. A method for valve module for a vacuum pumping system, the valve module comprising:
receiving, at each inlet of a plurality of inlets, a respective pumped fluid, each inlet being an inlet to a respective multifurcating conduit of a plurality of multifurcating conduits, each multifurcating conduit fluidly connecting a respective inlet to both of a first fluid line manifold and a second fluid line manifold;
measuring, by one or more pressure sensors of a plurality of pressure sensors, a pressure of a respective one of the pumped fluids; and
controlling, by a controller, based the one or more measured pressures, one or more valves of a plurality of valves, the one or more valves being disposed in a first multifurcating conduit of the plurality of multifurcating conduits;
wherein the controlling the one or more valves selectably directs a fluid flow through the first multifurcating conduit to either only the first fluid line manifold or only the second fluid line manifold.",10. The fluid measuring system of claim 1 wherein the first acoustic pressure sensor and the second acoustic pressure sensor are configured to be in fluid communication with the process fluid.,25. The fluid measuring method of claim 24 further comprising positioning the first acoustic pressure sensor and the second acoustic pressure sensor beyond the first end portion and the second end portion of the flexible hydraulic hose.,"1. A valve module for a vacuum pumping system, the valve module comprising:
a plurality of inlets, each inlet of the plurality of inlets being configured to receive a pumped fluid;
a plurality of pressure sensors, each pressure sensor of the plurality of pressure sensors being configured to measure a pressure of a fluid associated with a respective one of the plurality of inlets;
a first fluid line manifold;
a second fluid line manifold;
a plurality of multifurcating conduits, wherein each multifurcating conduit fluidly connects a respective inlet to both of the first fluid line manifold and the second fluid line manifold;
a plurality of valves, where a respective one or more valves of the plurality of valves is disposed in a respective one of the plurality of multifurcating conduits; and
a valve controller operatively coupled to the plurality of pressure sensors and the plurality of valves; wherein
the valve controller is configured to control, based on pressure measurements received from the plurality of pressure sensors, the plurality of valves such that each of the one or more valves disposed in a respective multifurcating conduit selectably directs a fluid flow through that multifurcating conduit to either only the first fluid line manifold or only the second fluid line manifold.","1. A fluid measuring system comprising:
a piping network comprising;
a flexible hydraulic hose comprising:
a hose length;
a hose diameter
a first end portion and a second end portion; and

a first fitting coupled to the first end portion and a second fitting coupled to the second end portion;
an acoustic array comprising:
a first acoustic pressure sensor positioned proximate the first fitting;
a second acoustic pressure sensor positioned proximate the second fitting; and
an acoustic aperture that spans an aperture length between the first acoustic pressure sensor and the second acoustic pressure sensor; and


a processing unit that determines a speed of sound of a process fluid within the piping network and within acoustic aperture using the first acoustic pressure sensor and the second acoustic pressure sensor."
evaluated,Placing acoustic pressure sensors on components other than the flexible hydraulic hose to improve measurement robustness,1,0,12405249-CLM-2,,,,,,,,,,1846.109741,,,,,,,,,,400,200,TRUE,1,1,1,TRUE,1,2,2,0.1,1,0.630929754,0.5,12405249-CLM-25,12405249-CLM-2,12405249-CLM-24,12405249-CLM-1,12405249-CLM-20,12405249-CLM-43,12405249-CLM-21,12405249-CLM-19,12405249-CLM-44,12403337-CLM-8,1869.416992,1846.109741,1845.458374,1811.873169,1640.802246,1632.934937,1625.080688,1622.571655,1610.829102,1609.788574,FALSE,TRUE,FALSE,FALSE,FALSE,FALSE,FALSE,FALSE,FALSE,FALSE,25. The fluid measuring method of claim 24 further comprising positioning the first acoustic pressure sensor and the second acoustic pressure sensor beyond the first end portion and the second end portion of the flexible hydraulic hose.,2. The fluid measuring system of claim 1 wherein the first acoustic pressure sensor and the second acoustic pressure sensor are not positioned on the flexible hydraulic hose.,"24. A fluid measuring method comprising:
providing a piping network comprising;
a flexible hydraulic hose comprising:
a hose length;
a hose diameter
a first end portion and a second end portion; and

a first fitting coupled to the first end portion and a second fitting coupled to the second end portion;
an acoustic array comprising:
a first acoustic pressure sensor positioned proximate the first fitting;
a second acoustic pressure sensor positioned proximate the second fitting; and
an acoustic aperture that spans an aperture length between the first acoustic pressure sensor and the second acoustic pressure sensor;


providing a processing unit; and
determining, with the processing unit, a speed of sound of a process fluid within the piping network and within acoustic aperture using the first acoustic pressure sensor and the second acoustic pressure sensor.","1. A fluid measuring system comprising:
a piping network comprising;
a flexible hydraulic hose comprising:
a hose length;
a hose diameter
a first end portion and a second end portion; and

a first fitting coupled to the first end portion and a second fitting coupled to the second end portion;
an acoustic array comprising:
a first acoustic pressure sensor positioned proximate the first fitting;
a second acoustic pressure sensor positioned proximate the second fitting; and
an acoustic aperture that spans an aperture length between the first acoustic pressure sensor and the second acoustic pressure sensor; and


a processing unit that determines a speed of sound of a process fluid within the piping network and within acoustic aperture using the first acoustic pressure sensor and the second acoustic pressure sensor.",20. The fluid measuring system of claim 19 wherein the flexible hydraulic hose is comprised of a composite having a plurality of materials and wherein the plurality of materials include at least one elastomer material and at least one reinforcing material.,43. The fluid measuring method of claim 42 wherein the flexible hydraulic hose is comprised of a composite having a plurality of materials and wherein the plurality of materials include at least one elastomer material and at least one reinforcing material.,"21. The fluid measuring system of claim 1 wherein the flexible hydraulic hose is comprised of an elastomer material having an elastic modulus of less than 1,000,000 psi and an elongation at yield of greater than 5%.",19. The fluid measuring system of claim 1 wherein the flexible hydraulic hose is comprised of an elastomer material.,"44. The fluid measuring method of claim 24 wherein the flexible hydraulic hose is comprised of an elastomer material having an elastic modulus of less than 1,000,000 psi and an elongation at yield of greater than 5%.","a facemask configured to be worn by a user, the facemask defining an interior region adjacent a face of the user when the facemask is donned by the user; a regulator that is mounted on the facemask and is fluidly connected to the reducer and is configured to receive air delivered from the delivery outlet of the reducer and to admit the air into the interior region of the facemask at a breathing pressure that is lower than the outlet pressure; the high-pressure air tank, the high-pressure air tank being fluidly connected to the reducer so as to supply the air to the reducer at the tank pressure; and, a harness that is configured to be worn by the user and that supports the high-pressure air tank, wherein the SCBA further comprises an EBSS module comprising a supply hose that is fluidly connected to the EBSS outlet of the reducer and comprising first and second donor hoses that are arranged in parallel to each other and that are each configured to receive air from the supply hose of the EBSS module, the first donor hose comprising a first, male coupling and the second donor hose comprising a second, female coupling."
evaluated,Authenticating a user by binding login approval to the geographic location of the user device during the login request,1,0,12406038-CLM-1,,,,,,,,,,2509.766846,,,,,,,,,,400,200,TRUE,1,11,11,TRUE,1,3,3,0.1,1,0.5,0.333333333,12406038-CLM-8,12406038-CLM-15,12406038-CLM-1,12407671-CLM-9,12407531-CLM-1,12406042-CLM-14,12407531-CLM-10,12407531-CLM-14,12406249-CLM-9,12406249-CLM-3,2614.603271,2547.807129,2509.766846,2375.756348,2288.715332,2278.18457,2277.329346,2262.155273,2234.226562,2226.273438,FALSE,FALSE,TRUE,FALSE,FALSE,FALSE,FALSE,FALSE,FALSE,FALSE,"8. A system for authenticating a login request, the system comprising:
a computing device comprising a processing circuit configured to:
receive the login request including a user identifier associated with a user;
transmit a request for location information of a user device associated with the user to indicate a first location of the user device;
cause the user device to execute computer-executable code that is deployed to the user device to cause the user device to:
generate a first encoded value on a unique identifier of the user device;
generate a second encoded value based on the first location of the user device; and
generate a location-based modifiable digital fingerprint comprising the first encoded value and the second encoded value, wherein the location-based modifiable digital fingerprint changes responsive to a change in the location of the user device;

detect a change in the location of the user device from the first location of the user device to a second location of the user device;
receive the location-based modifiable digital fingerprint from the user device based on the change in the location of the user device triggering the user device to change the location-based modifiable digital fingerprint;
verify the user device based on the change to the location-based modifiable digital fingerprint including a change to the second encoded value that corresponds to the second location; and
provide the user access to the computing device.","15. One or more non-transitory computer-readable media comprising instructions stored thereon, the instructions, when executed by a processor of a computing device, configured to cause the computing device to perform operations for authenticating a login request, the operations comprising:
receiving the login request including a user identifier associated with a user;
transmitting a request for location information of a user device associated with the user to indicate a first location of the user device;
causing the user device to execute computer-executable code that is deployed to the user device to cause the user device to:
generate a first encoded value based on a unique identifier of the user device;
generate a second encoded value based on the first location of the user device; and
generate a location-based modifiable digital fingerprint comprising the first encoded value and the second encoded value, wherein the location-based modifiable digital fingerprint changes responsive to changes in location of the user device;

detecting a change in location of the user device from the first location of the user device to a second location of the user device;
receiving the location-based modifiable digital fingerprint from the user device based on the change in the location of the user device triggering the user device to change the location-based modifiable digital fingerprint;
verifying the user device based on the change to the location-based modifiable digital fingerprint including a change to the second encoded value that corresponds to the second location of the user device; and
providing the user access to the computing device.","1. A method of authenticating a login request at a computing device, the method comprising:
receiving, by a computing device, the login request including a user identifier associated with a user;
transmitting, by the computing device, a request for location information of a user device associated with the user to indicate a first location of the user device;
causing, by the computing device, the user device to execute computer-executable code that is deployed to the user device to cause the user device to:
generate a first encoded value based on a unique identifier of the user device;
generate a second encoded value based on the first location of the user device; and
generate a location-based modifiable digital fingerprint comprising the first encoded value and the second encoded value, wherein the location-based modifiable digital fingerprint changes responsive to changes in location of the user device;

detecting, by the computing device, a change in location of the user device from the first location of the user device to a second location of the user device;
receiving, by the computing device, the location-based modifiable digital fingerprint from the user device based on the change in the location of the user device triggering the user device to change the location-based modifiable digital fingerprint;
verifying, by the computing device, the user device based on the change to the location-based modifiable digital fingerprint including a change to the second encoded value that corresponds to the second location of the user device; and
providing, by the computing device, the user access to the computing device.","9. The method of claim 3, further comprising:
receiving, from the user device, a login request to access the resources for the first application, wherein the login request indicates credentials of the first user; and
based on validating the credentials of the first user, providing, to the user device, the first security account identifier for the first application, wherein the user device accesses the resources for the first application based on the first security account identifier.","1. A computer-implemented method for secure, automated multi-factor authentication (MFA) login to a resource performed by an MFA device, the computer-implemented method comprising:
enrolling with an authentication system, the enrolling comprising:
pairing with a login device to establish data for an encrypted communication channel between the MFA device and the login device over a short-range wireless connection;
providing, to the authentication system, a public key of the MFA device and metadata describing the MFA device;
receiving, over the short-range wireless connection, authentication challenge metadata sent to the login device by the authentication system in response to a request by the login device to access a resource for which authentication is required;
generating MFA metadata to establish that the MFA device shares a physical presence with the login device; and
sending the MFA metadata to the authentication system, wherein responsive to verifying the MFA metadata using the metadata provided to the authentication system during the enrolling, the authentication system authenticates the login device.","14. One or more non-transitory computer-readable media comprising instructions that, when executed by one or more processors, cause operations comprising:
obtaining, via a computing node of a distributed system, user information comprising an input sample and authentication information associated with a user;
receiving, from a first user device, a request to authenticate the user, wherein the request is associated with a smart contract executed by the computing node, and wherein the request is associated with a network usage cost indicated by the smart contract;
based on the request and the user information, generating a first authentication input request for authenticating the user;
obtaining, via the first user device, a first input to the first authentication input request;
determining that the first input is incorrect;
in response to the first input being incorrect, and based on a distance of a location of the first user device from a location of a second user device, causing, via the smart contract, an increase in the network usage cost for a future request to authenticate the user; and
sending, to the first user device, an indication that authentication failed.","10. A computer-implemented method for secure, automated multi-factor authentication (MFA) login to a resource performed by an authentication system, the computer-implemented method comprising:
enrolling an MFA device, the enrolling comprising:
pairing the MFA device with a login device to establish data for an encrypted communication channel between the MFA device and the login device over a short-range wireless connection;
obtaining, from the MFA device, a public key of the MFA device, and metadata describing the MFA device;
receiving, on behalf of a user from the login device, a request for authentication;
sending, over the short-range wireless connection, authentication challenge metadata to the login device;
receiving, from the MFA device, MFA metadata in response to sending the authentication challenge metadata to the login device;
verifying, using the received MFA metadata, that the MFA device is within a threshold distance of the login device; and
issuing an authentication token for the login device.","14. A multi-factor authentication (MFA) device comprising at least one memory that stores code and one or more processors coupled with the at least one memory, wherein the one or more processors are operable to execute the code to cause the MFA device to login to a resource, the login comprising:
enrolling with an authentication system, the enrolling comprising:
pairing with a login device to establish data for an encrypted communication channel between the MFA device and the login device over a short-range wireless connection;
providing, to the authentication system, a public key of the MFA device and metadata describing the MFA device;
receiving, over the short-range wireless connection, authentication challenge metadata sent to the login device by the authentication system in response to a request by the login device to access a resource for which authentication is required;
generating MFA metadata to establish that the MFA device shares a physical presence with the login device; and
sending the MFA metadata to the authentication system, wherein responsive to verifying the MFA metadata using the metadata provided to the authentication system during the enrolling, the authentication system authenticates the login device.","9. The system according to claim 7, wherein the process further comprises:
receiving login credentials at the user device prior to detecting the at least one wireless communication.","3. The method of claim 1, further comprising:
receiving login credentials at the user device prior to detecting the at least one wireless communication."
evaluated,"Location-bound login request that includes conventional credentials (e.g., password) alongside the location attestation",1,0,12406038-CLM-2,,,,,,,,,,2262.952881,,,,,,,,,,400,200,TRUE,1,10,10,TRUE,1,2,2,0.1,1,0.630929754,0.5,12406038-CLM-8,12406038-CLM-2,12406038-CLM-1,12406038-CLM-15,12407671-CLM-9,12406038-CLM-9,12406038-CLM-16,12406249-CLM-3,12406131-CLM-15,12406249-CLM-9,2360.923096,2262.952881,2247.839111,2244.661377,2219.094482,2191.247803,2164.90918,2126.729736,2103.240479,2100.955322,FALSE,TRUE,FALSE,FALSE,FALSE,FALSE,FALSE,FALSE,FALSE,FALSE,"8. A system for authenticating a login request, the system comprising:
a computing device comprising a processing circuit configured to:
receive the login request including a user identifier associated with a user;
transmit a request for location information of a user device associated with the user to indicate a first location of the user device;
cause the user device to execute computer-executable code that is deployed to the user device to cause the user device to:
generate a first encoded value on a unique identifier of the user device;
generate a second encoded value based on the first location of the user device; and
generate a location-based modifiable digital fingerprint comprising the first encoded value and the second encoded value, wherein the location-based modifiable digital fingerprint changes responsive to a change in the location of the user device;

detect a change in the location of the user device from the first location of the user device to a second location of the user device;
receive the location-based modifiable digital fingerprint from the user device based on the change in the location of the user device triggering the user device to change the location-based modifiable digital fingerprint;
verify the user device based on the change to the location-based modifiable digital fingerprint including a change to the second encoded value that corresponds to the second location; and
provide the user access to the computing device.","2. The method of claim 1, wherein the login request further comprises a password associated with the user identifier.","1. A method of authenticating a login request at a computing device, the method comprising:
receiving, by a computing device, the login request including a user identifier associated with a user;
transmitting, by the computing device, a request for location information of a user device associated with the user to indicate a first location of the user device;
causing, by the computing device, the user device to execute computer-executable code that is deployed to the user device to cause the user device to:
generate a first encoded value based on a unique identifier of the user device;
generate a second encoded value based on the first location of the user device; and
generate a location-based modifiable digital fingerprint comprising the first encoded value and the second encoded value, wherein the location-based modifiable digital fingerprint changes responsive to changes in location of the user device;

detecting, by the computing device, a change in location of the user device from the first location of the user device to a second location of the user device;
receiving, by the computing device, the location-based modifiable digital fingerprint from the user device based on the change in the location of the user device triggering the user device to change the location-based modifiable digital fingerprint;
verifying, by the computing device, the user device based on the change to the location-based modifiable digital fingerprint including a change to the second encoded value that corresponds to the second location of the user device; and
providing, by the computing device, the user access to the computing device.","15. One or more non-transitory computer-readable media comprising instructions stored thereon, the instructions, when executed by a processor of a computing device, configured to cause the computing device to perform operations for authenticating a login request, the operations comprising:
receiving the login request including a user identifier associated with a user;
transmitting a request for location information of a user device associated with the user to indicate a first location of the user device;
causing the user device to execute computer-executable code that is deployed to the user device to cause the user device to:
generate a first encoded value based on a unique identifier of the user device;
generate a second encoded value based on the first location of the user device; and
generate a location-based modifiable digital fingerprint comprising the first encoded value and the second encoded value, wherein the location-based modifiable digital fingerprint changes responsive to changes in location of the user device;

detecting a change in location of the user device from the first location of the user device to a second location of the user device;
receiving the location-based modifiable digital fingerprint from the user device based on the change in the location of the user device triggering the user device to change the location-based modifiable digital fingerprint;
verifying the user device based on the change to the location-based modifiable digital fingerprint including a change to the second encoded value that corresponds to the second location of the user device; and
providing the user access to the computing device.","9. The method of claim 3, further comprising:
receiving, from the user device, a login request to access the resources for the first application, wherein the login request indicates credentials of the first user; and
based on validating the credentials of the first user, providing, to the user device, the first security account identifier for the first application, wherein the user device accesses the resources for the first application based on the first security account identifier.","9. The system of claim 8, wherein the login request further comprises a password associated with the user identifier.","16. The media of claim 15, wherein the login request further comprises a password associated with the user identifier.","3. The method of claim 1, further comprising:
receiving login credentials at the user device prior to detecting the at least one wireless communication.","15. The method of claim 14, further comprising determining a device pseudo location and including the device pseudo location in the set of request parameters.","9. The system according to claim 7, wherein the process further comprises:
receiving login credentials at the user device prior to detecting the at least one wireless communication."
evaluated,RRC-configured PDCCH monitoring using a power-of-two slot grouping and a monitoring/unmonitoring periodicity,1,0,12408176-CLM-1,,,,,,,,,,2804.7854,,,,,,,,,,400,200,TRUE,1,3,3,TRUE,1,4,4,0.1,1,0.430676558,0.25,12408176-CLM-4,12408176-CLM-8,12408176-CLM-7,12408176-CLM-1,12408112-CLM-3,12407470-CLM-1,12408181-CLM-4,12407472-CLM-16,12408112-CLM-10,12408112-CLM-7,2858.768066,2817.89624,2813.604004,2804.7854,2702.960693,2676.735596,2568.431641,2478.58252,2462.052246,2380.522705,FALSE,FALSE,FALSE,TRUE,FALSE,FALSE,FALSE,FALSE,FALSE,FALSE,"4. Δ user equipment (UE), comprising:
a memory storing instructions; and
at least one processor configured to process the instructions to:
receive, from an access network node, a Radio Resource Control (RRC) message including information indicating:
a slot unit G as a power of two;
a duration of consecutive slots Ts; and
a monitoring periodicity ks including the duration Ts and an unmonitoring duration ks-Ts; and
monitor a physical downlink control channel at monitoring slots determined per G slots during the consecutive slots Ts of the duration.","8. A radio access network node comprising:
a memory storing instructions; and
at least one processor configured to process the instructions to:
transmit, to a user equipment (UE), a Radio Resource Control (RRC) message including information indicating:
a slot unit G as a power of two;
a duration of consecutive slots Ts;
a monitoring periodicity ks including the duration Ts and an unmonitoring duration ks-Ts; and

transmit a physical downlink control channel at monitoring slots determined per G slots during the consecutive slots Ts of the duration.","7. A method performed by an access network node, the method comprising:
transmitting, to a user equipment (UE), a Radio Resource Control (RRC) message including information indicating:
a slot unit G as a power of two;
a duration of consecutive slots Ts; and
a monitoring periodicity ks including the duration Ts and an unmonitoring duration ks-Ts; and

transmitting a physical downlink control channel at monitoring slots determined per G slots during the consecutive slots Ts of the duration.","1. A method performed by a user equipment (UE), the method comprising:
receiving, from an access network node, a Radio Resource Control (RRC) message including information indicating:
a slot unit G as a power of two;
a duration of consecutive slots Ts; and
a monitoring periodicity ks including the duration Ts and an unmonitoring duration ks-Ts; and

monitoring a physical downlink control channel at monitoring slots determined per G slots during the consecutive slots Ts of the duration.","3. The user equipment (UE) according to claim 2, wherein the at least one configuration parameter comprises one of skipping PDCCH monitoring and/or PoSS monitoring until the next semi-static DRX cycle, or until the next occasion of a configured power saving signal/channel, or in the next X slots, wherein X is dynamically indicated or semi-statically configured, in case the behavior indication indicates the second behavior for skipping PDCCH monitoring.","1. A method performed by a user equipment (UE) in a wireless communication system, the method comprising:
transmitting, to a base station, first information related to multiple transmission-reception-points (TRPs) based physical downlink control channel (PDCCH) repetition, the first information including second information indicating a number of blind decoding for PDCCH candidates;
receiving, from the base station, third information on a control resource set and fourth information on a search space; and
monitoring PDCCH candidates based on a span, the second information, and the third and fourth information, the span being a number of consecutive symbols in a slot where the UE is configured to monitor a PDCCH,
wherein the second information indicates a UE capability for counting two PDCCH candidates as two PDCCH candidates or as three PDCCH candidates, the UE capability being related to the number of blind decoding for the multiple TRPs based PDCCH repetition.","4. The communication apparatus according to claim 1, wherein the slot format indicated by the PDCCH is a dynamic slot format, and the transceiver, in operation,
receives Radio Resource Control (RRC) signaling including a configured slot format, wherein,
in case the configured slot format specifies a symbol in the slot as flexible, the dynamic slot format specifies the symbol as flexible, uplink, or downlink.","16. The UE of claim 12, wherein the processor configured to operate in the dormancy mode is configured to:
refrain from performing physical downlink control channel (PDCCH) monitoring in the dormancy BWP based on the CORESET configuration.","10. A method comprising the following steps performed by a user equipment (UE):
receiving power saving signals (PoSS) as a downlink control information (DCI) from a serving base station on which the UE is camping;
monitoring the reception of PoSS to determine a UE behavior regarding processing of a physical downlink control channel (PDCCH);
wherein the POSS comprises a behavior indication indicating for the UE to follow a first behavior or a second behavior; and
determining to perform PDCCH monitoring in case the first behavior is indicated and skipping PDCCH monitoring in case the second behavior is indicated;
wherein the behavior indication in a field of the DCI further indicates a third behavior regarding Channel State Information (CSI) measurements.","7. The user equipment (UE) according to claim 1, wherein the behavior indication indicates to the UE to start PDCCH monitoring or not to start PDCCH monitoring, the default behavior being not to start PDCCH monitoring, or wherein the behavior indication indicates to the UE to skip PDCCH monitoring or not to skip PDCCH monitoring, the default behavior being not to skip PDCCH monitoring."
evaluated,Selecting slot-grouping parameter G based on the active numerology used by the UE for downlink control monitoring,1,0,12408176-CLM-2,,,,,,,,,,2010.817139,,,,,,,,,,400,200,FALSE,0,,,FALSE,0,,,0,0,0,0,12408176-CLM-4,12408111-CLM-33,12408176-CLM-7,12408111-CLM-93,12408163-CLM-8,12408176-CLM-1,12408111-CLM-63,12408111-CLM-3,12408111-CLM-22,12408111-CLM-51,2201.026123,2179.69458,2175.352051,2173.834473,2170.044434,2166.656738,2165.819336,2164.731445,2159.687256,2157.398193,FALSE,FALSE,FALSE,FALSE,FALSE,FALSE,FALSE,FALSE,FALSE,FALSE,"4. Δ user equipment (UE), comprising:
a memory storing instructions; and
at least one processor configured to process the instructions to:
receive, from an access network node, a Radio Resource Control (RRC) message including information indicating:
a slot unit G as a power of two;
a duration of consecutive slots Ts; and
a monitoring periodicity ks including the duration Ts and an unmonitoring duration ks-Ts; and
monitor a physical downlink control channel at monitoring slots determined per G slots during the consecutive slots Ts of the duration.","33. The apparatus of claim 31, wherein the instructions to determine whether to monitor one or more of the set of multicast sessions are executable by the processor to cause the apparatus to:
determine to refrain from monitoring for a downlink control channel during a second active duration associated with a second multicast session based at least in part on the indication comprising a wake-up indicator having a value indicating that the UE is to refrain from monitoring for the downlink control channel of the second multicast session.","7. A method performed by an access network node, the method comprising:
transmitting, to a user equipment (UE), a Radio Resource Control (RRC) message including information indicating:
a slot unit G as a power of two;
a duration of consecutive slots Ts; and
a monitoring periodicity ks including the duration Ts and an unmonitoring duration ks-Ts; and

transmitting a physical downlink control channel at monitoring slots determined per G slots during the consecutive slots Ts of the duration.","93. The non-transitory computer-readable medium of claim 91, wherein the instructions to determine whether to monitor one or more of the set of multicast sessions are executable to:
determine to refrain from monitoring for a downlink control channel during a second active duration associated with a second multicast session based at least in part on the indication comprising a wake-up indicator having a value indicating that the UE is to refrain from monitoring for the downlink control channel of the second multicast session.","8. The UE of claim 6,
wherein the downlink resource assignment is assigned for a plurality of TBs, and
wherein the at least one processor is configured to cause the UE to determine a plurality of uplink slots, each uplink slot based on a last downlink slot of each TB of the plurality of TBs, wherein each HARQ-ACK feedback for each TB is transmitted in each uplink slot of the plurality of uplink slots.","1. A method performed by a user equipment (UE), the method comprising:
receiving, from an access network node, a Radio Resource Control (RRC) message including information indicating:
a slot unit G as a power of two;
a duration of consecutive slots Ts; and
a monitoring periodicity ks including the duration Ts and an unmonitoring duration ks-Ts; and

monitoring a physical downlink control channel at monitoring slots determined per G slots during the consecutive slots Ts of the duration.","63. The apparatus of claim 61, wherein the means for determining whether to monitor one or more of the set of multicast sessions comprises:
means for determining to refrain from monitoring for a downlink control channel during a second active duration associated with a second multicast session based at least in part on the indication comprising a wake-up indicator having a value indicating that the UE is to refrain from monitoring for the downlink control channel of the second multicast session.","3. The method of claim 1, wherein determining whether to monitor one or more of the set of multicast sessions comprises:
determining to refrain from monitoring for a downlink control channel during a second active duration associated with a second multicast session based at least in part on the indication comprising a wake-up indicator having a value indicating that the UE is to refrain from monitoring for the downlink control channel of the second multicast session.","22. The method of claim 19, further comprising:
determining that the UE is to monitor for a downlink control channel during a second active duration associated with a second multicast session, wherein the wake-up signal comprises a wake-up indicator having a value indicating that the UE is to monitor for the downlink control channel of the second multicast session.","51. The apparatus of claim 49, wherein the instructions are further executable by the processor to cause the apparatus to:
determine that the UE is to refrain from monitoring for a downlink control channel during a second active duration associated with a second multicast session, wherein the wake-up signal comprises a wake-up indicator having a value indicating that the UE is to refrain from monitoring for the downlink control channel of the second multicast session."
evaluated,Pruning a neural network at initialization by iteratively conserving synaptic flow to create a sparse trainable subnetwork without training data,1,0,12406185-CLM-1,,,,,,,,,,3565.884033,,,,,,,,,,400,200,TRUE,1,6,6,TRUE,1,2,2,0.1,1,0.630929754,0.5,12406185-CLM-5,12406185-CLM-1,12406185-CLM-13,12406185-CLM-9,12406185-CLM-10,12406185-CLM-14,12406185-CLM-6,12406185-CLM-2,12406170-CLM-11,12406170-CLM-14,3602.625732,3565.884033,3541.416748,3495.137207,3385.313232,3383.485596,3371.73999,3036.219727,2918.943848,2859.089355,FALSE,TRUE,FALSE,FALSE,FALSE,FALSE,FALSE,FALSE,FALSE,FALSE,"5. A method, comprising:
receiving, by an application specific integrated circuit (ASIC), an untrained initial neural network having one or more layers with an input layer, an output layer and one or more layers between the input layer and the output layer in which each layer has a plurality of neurons with each neuron having a parameter, a particular neuron in each layer having a synapse that connects to another particular neuron in a different layer of the initial neural network;
initializing, by the ASIC, a binary mask that prunes one or more neurons in the initial neural network; and
performing, by the ASIC, iterative synaptic flow pruning to generate a sparse trainable subnetwork with a predetermined level of compression and no layer collapse.","1. An apparatus, comprising:
a computer system having an application specific integrated circuit (ASIC) and memory and a plurality of lines of instructions executed by the ASIC to perform operations comprising:
receive an untrained initial neural network having one or more layers with an input layer, an output layer and one or more layers between the input layer and the output layer in which each layer has a plurality of neurons with each neuron having a parameter, a particular neuron in each layer having a synapse that connects to another particular neuron in a different layer of the initial neural network;
initialize a binary mask that prunes one or more neurons in the initial neural network; and
perform iterative synaptic flow pruning to generate a sparse trainable subnetwork with a predetermined level of compression and no layer collapse.","13. A method, comprising:
receiving, by an application specific integrated circuit (ASIC), an untrained initial neural network having one or more layers with an input layer, an output layer and one or more layers between the input layer and the output layer in which each layer has a plurality of neurons with each neuron having a parameter, a particular neuron in each layer having a synapse that connects to another particular neuron in a different layer of the initial neural network;
generating, by the ASIC, a sparse trainable subnetwork with a predetermined level of compression and no layer collapse using iterative synaptic pruning; and
using, by the ASIC, the sparse trainable subnetwork for data processing.","9. An apparatus, comprising:
a computer system having an application specific integrated circuit (ASIC) and memory and a plurality of lines of instructions executed by the ASIC to perform operations comprising:
receive an untrained initial neural network having one or more layers with an input layer, an output layer and one or more layers between the input layer and the output layer in which each layer has a plurality of neurons with each neuron having a parameter, a particular neuron in each layer having a synapse that connects to another particular neuron in a different layer of the initial neural network;
generate a sparse trainable subnetwork with a predetermined level of compression and no layer collapse using iterative synaptic pruning; and
use the sparse trainable subnetwork for data processing.","10. The apparatus of claim 9, wherein the ASIC is further configured to generate a score for each parameter, prune any neuron of the initial neural network whose score does not meet a threshold to generate an updated mask and iteratively generate the score and pruning the neurons until a predetermined number of iterations has been completed to generate the sparse trainable subnetwork.","14. The method of claim 13, wherein generating the sparse trainable subnetwork further comprises:
generating, by the ASIC, a score for each parameter;
pruning, by the ASIC, any neuron of the initial neural network whose score does not meet a threshold to generate an updated mask; and
iteratively generating, by the ASIC, the score and pruning the neurons until a predetermined number of iterations has been completed.","6. The method of claim 5, wherein performing the iterative synaptic flow pruning further comprises:
generating, by the ASIC, a score for each parameter;
pruning, by the ASIC, any neuron of the initial neural network whose score does not meet a threshold to generate an updated mask; and
iteratively generating, by the ASIC, the score and pruning the one or more neurons until a predetermined number of iterations has been completed.","2. The apparatus of claim 1, wherein the ASIC is further configured to generate a score for each parameter, prune any neuron of the initial neural network whose score does not meet a threshold to generate an updated mask and iteratively generate the score and pruning the one or more neurons until a predetermined number of iterations has been completed.","11. The method of claim 1, wherein the trained function includes a neural network,
wherein the method further comprises providing the neural network, providing the neural network comprising:
receiving a preprocedural training data set that maps the hemodynamics in the training hollow organ of a training examination object;
receiving a synthetic comparison data set that maps the simulated hemodynamics in the training hollow organ with the at least one medical training object virtually positioned therein;
receiving the at least one intraprocedural training projection map that maps the training hollow organ with the at least one medical training object positioned therein, or providing the at least one intraprocedural training projection map by a virtual projection of the synthetic comparison data set;
providing a synthetic training data set, the providing of the synthetic training data set comprising applying the neural network to the input data that is based on at least one intraprocedural training projection map and the preprocedural training data set;
adjusting at least one parameter of the neural network based on a comparison between the synthetic training data set and the synthetic comparison data set; and
providing the neural network.","providing a second synthetic comparison data set as output data of the simulation of the virtual positioning of the at least one medical training object in the training hollow organ, wherein the simulation is based on at least one training procedure parameter that includes the movement specification for the at least one medical training object, and the preprocedural training data set as input data; adjusting at least one parameter of the second neural network by supervised learning based on the input data and the output data of the simulation; and providing the second neural network; and providing the trained function comprising the first neural network and the second neural network, wherein the trained function is configured to: be applied to the preprocedural training data set and the at least one intraprocedural training projection map as input data; and provide the at least one training procedure parameter as output data."
evaluated,Scoring parameters/neurons at initialization and pruning those below a threshold to prevent layer collapse during synaptic-flow pruning,1,0,12406185-CLM-2,,,,,,,,,,2837.144531,,,,,,,,,,400,200,TRUE,1,15,15,TRUE,1,6,6,0.1,1,0.356207187,0.166666667,12406185-CLM-6,12406185-CLM-14,12406185-CLM-5,12406185-CLM-10,12406185-CLM-1,12406185-CLM-2,12406185-CLM-13,12406185-CLM-9,12405144-CLM-25,12406656-CLM-7,3156.591553,2899.837158,2898.816895,2859.790283,2847.789795,2837.144531,2801.189209,2738.845947,2352.187988,2311.739258,FALSE,FALSE,FALSE,FALSE,FALSE,TRUE,FALSE,FALSE,FALSE,FALSE,"6. The method of claim 5, wherein performing the iterative synaptic flow pruning further comprises:
generating, by the ASIC, a score for each parameter;
pruning, by the ASIC, any neuron of the initial neural network whose score does not meet a threshold to generate an updated mask; and
iteratively generating, by the ASIC, the score and pruning the one or more neurons until a predetermined number of iterations has been completed.","14. The method of claim 13, wherein generating the sparse trainable subnetwork further comprises:
generating, by the ASIC, a score for each parameter;
pruning, by the ASIC, any neuron of the initial neural network whose score does not meet a threshold to generate an updated mask; and
iteratively generating, by the ASIC, the score and pruning the neurons until a predetermined number of iterations has been completed.","5. A method, comprising:
receiving, by an application specific integrated circuit (ASIC), an untrained initial neural network having one or more layers with an input layer, an output layer and one or more layers between the input layer and the output layer in which each layer has a plurality of neurons with each neuron having a parameter, a particular neuron in each layer having a synapse that connects to another particular neuron in a different layer of the initial neural network;
initializing, by the ASIC, a binary mask that prunes one or more neurons in the initial neural network; and
performing, by the ASIC, iterative synaptic flow pruning to generate a sparse trainable subnetwork with a predetermined level of compression and no layer collapse.","10. The apparatus of claim 9, wherein the ASIC is further configured to generate a score for each parameter, prune any neuron of the initial neural network whose score does not meet a threshold to generate an updated mask and iteratively generate the score and pruning the neurons until a predetermined number of iterations has been completed to generate the sparse trainable subnetwork.","1. An apparatus, comprising:
a computer system having an application specific integrated circuit (ASIC) and memory and a plurality of lines of instructions executed by the ASIC to perform operations comprising:
receive an untrained initial neural network having one or more layers with an input layer, an output layer and one or more layers between the input layer and the output layer in which each layer has a plurality of neurons with each neuron having a parameter, a particular neuron in each layer having a synapse that connects to another particular neuron in a different layer of the initial neural network;
initialize a binary mask that prunes one or more neurons in the initial neural network; and
perform iterative synaptic flow pruning to generate a sparse trainable subnetwork with a predetermined level of compression and no layer collapse.","2. The apparatus of claim 1, wherein the ASIC is further configured to generate a score for each parameter, prune any neuron of the initial neural network whose score does not meet a threshold to generate an updated mask and iteratively generate the score and pruning the one or more neurons until a predetermined number of iterations has been completed.","13. A method, comprising:
receiving, by an application specific integrated circuit (ASIC), an untrained initial neural network having one or more layers with an input layer, an output layer and one or more layers between the input layer and the output layer in which each layer has a plurality of neurons with each neuron having a parameter, a particular neuron in each layer having a synapse that connects to another particular neuron in a different layer of the initial neural network;
generating, by the ASIC, a sparse trainable subnetwork with a predetermined level of compression and no layer collapse using iterative synaptic pruning; and
using, by the ASIC, the sparse trainable subnetwork for data processing.","9. An apparatus, comprising:
a computer system having an application specific integrated circuit (ASIC) and memory and a plurality of lines of instructions executed by the ASIC to perform operations comprising:
receive an untrained initial neural network having one or more layers with an input layer, an output layer and one or more layers between the input layer and the output layer in which each layer has a plurality of neurons with each neuron having a parameter, a particular neuron in each layer having a synapse that connects to another particular neuron in a different layer of the initial neural network;
generate a sparse trainable subnetwork with a predetermined level of compression and no layer collapse using iterative synaptic pruning; and
use the sparse trainable subnetwork for data processing.","25. The magnetic-inductive flowmeter according to claim 24, wherein the nonlinear function is formed by an artificial neural network having an input layer with at least a number of input neurons corresponding to the number of detected measurement voltages as input variables, having an output layer with at least one output neuron for outputting at least the volumetric flow of the medium as output variable, and having at least one intermediate layer with at least two neurons; and
wherein the artificial neural network is calibrated with calibration data.","7. The one or more computer storage media of claim 1, wherein providing the indication of zero or more languages from the set of languages comprises:
determining the activation value for each of two or more neurons of the output activation layer satisfies the activation threshold value; and
generating the indication to identify the language corresponding to each of the two or more neurons of the output activation layer."
evaluated,Augmented-reality adaptive lens stack that controls focal depth using polarization-selective birefringent elements,1,0,12405472-CLM-1,,,,,,,,,,2459.841797,,,,,,,,,,400,200,TRUE,1,1,1,TRUE,1,1,1,0.1,1,1,1,12405472-CLM-1,12405472-CLM-9,12405472-CLM-7,12405472-CLM-11,12405472-CLM-16,12405472-CLM-18,12405472-CLM-6,12405472-CLM-12,12405472-CLM-14,12405472-CLM-8,2459.841797,2447.866211,2318.787354,2264.654785,2165.153564,2161.050781,2058.481689,2048.303711,2012.595947,2011.711792,TRUE,FALSE,FALSE,FALSE,FALSE,FALSE,FALSE,FALSE,FALSE,FALSE,"1. A method comprising:
focusing, via an adaptive lens assembly of a head mounted augmented reality display device, virtual images at a plurality of depth planes among a real world view,
wherein the adaptive lens assembly comprises a lens stack supported by the head mounted augmented reality display device and is configured to exert polarization-dependent optical power to linearly polarized light,
wherein the lens stack comprises a birefringent lens and an isotropic lens contacting each other to form a conformal interface therebetween, and
wherein the focusing includes selectively switching the adaptive lens assembly between a plurality of states having different optical powers to focus the virtual images at the plurality of plane depths among the real world view while simultaneously refocusing the real world view to appear without substantial distortion.","9. A method comprising:
focusing, via a head mounted augmented reality display device, virtual images at a plurality of depth planes among a real world view, the focusing including:
guiding, via a waveguide assembly, light in a lateral direction parallel to an output surface of the waveguide assembly,
outcoupling, via the waveguide assembly, the guided light through the output surface; and
receiving, via an adaptive lens assembly disposed on a first side of the waveguide assembly, outcoupled light from the waveguide assembly, and
selectively switching the adaptive lens assembly between a plurality of states having different optical powers to focus the virtual images at the plurality of plane depths among the real world view while simultaneously refocusing the real world view to appear without substantial distortion,
wherein the adaptive lens assembly comprises a lens stack configured to exert polarization-dependent optical power to linearly polarized light, the lens stack comprising a birefringent lens and an isotropic lens contacting each other, and wherein contacting surfaces of the birefringent lens and the isotropic lens form a conformal interface.","7. The method of claim 6, wherein the switchable half waveplate is disposed on a first side of the lens stack, wherein the adaptive lens assembly further comprises on a second side of the lens stack:
a second switchable half waveplate comprising TN LCs optically coupled to the lens stack; and
a second lens stack configured to exert polarization-dependent optical power to linearly polarized light, wherein the second lens stack comprises a second birefringent lens and a second isotropic lens contacting each other to form a conformal interface therebetween, and
wherein the focusing includes selectively switching the adaptive lens assembly between at least four states by electrically activating and/or deactivating the switchable half waveplate and/or the second switchable half waveplate.","11. The method of claim 9, further comprising:
a second adaptive lens assembly disposed on a second side of the waveguide assembly opposite the first side, the second adaptive lens assembly configured to be selectively switched between a plurality of states having different optical powers and comprising:
a second lens stack configured to exert polarization-dependent optical power to linearly polarized light, wherein the second lens stack comprises a second birefringent lens and a second isotropic lens contacting each other to form a conformal interface therebetween.","16. A method comprising:
focusing, via a head mounted augmented reality display device, virtual images at a plurality of depth planes among a real world view, the focusing including:
guiding, via a waveguide assembly, light in a lateral direction parallel to an output surface of the waveguide assembly,
outcoupling, via the waveguide assembly, the guided light through the output surface; and
receiving, via an adaptive lens assembly disposed on a first side of the waveguide assembly, outcoupled light from the waveguide assembly, and
selectively switching the adaptive lens assembly between a plurality of states having different optical powers to focus the virtual images at the plurality of plane depths among the real world view while simultaneously refocusing the real world view to appear without substantial distortion,
wherein the adaptive lens assembly is formed on a first side of the waveguide assembly, wherein the display device further comprises a polarizing reflector interposed between the waveguide assembly and adaptive lens assembly, and wherein the polarizing reflector is configured to pass therethrough linear polarized light having a first polarization to reflect linear polarized light having a second polarization.","18. A method comprising:
focusing, via a head mounted augmented reality display device, virtual images at a plurality of depth planes among a real world view, the focusing including:
guiding, via a waveguide assembly, light in a lateral direction parallel to an output surface of the waveguide assembly,
outcoupling, via the waveguide assembly, the guided light through the output surface; and
receiving, via an adaptive lens assembly disposed on a first side of the waveguide assembly, outcoupled light from the waveguide assembly, and
selectively switching the adaptive lens assembly between a plurality of states having different optical powers to focus the virtual images at the plurality of plane depths among the real world view while simultaneously refocusing the real world view to appear without substantial distortion,
wherein a polarizing reflector is interposed between the adaptive lens assembly and the waveguide assembly, wherein the polarizing reflector comprises cholesteric liquid crystals configured such that the polarizing reflector is configured to pass therethrough circular polarized light having a first polarization and to reflect circular polarized light having a second polarization.","6. The method of claim 1, wherein the adaptive lens assembly further comprises a switchable half waveplate comprising twisted nematic (TN) liquid crystals (LCs) optically coupled to the lens stack, and wherein the focusing includes preserving, via the switchable half waveplate, a polarization of linear polarized light passing therethrough when activated and altering, via the switchable half waveplate, the polarization of linear polarized light passing therethrough when deactivated.","12. The method of claim 11, wherein each of the first and second adaptive lens assemblies further comprises a switchable half waveplate comprising twisted nematic (TN) liquid crystals (LCs) optically coupled to a respective one of the lens stack or the second lens stack, and wherein the focusing includes preserving, via the switchable half waveplate, a polarization of linear polarized light passing therethrough when activated and altering, via the switchable half waveplate, the polarization of linear polarized light passing therethrough when deactivated.","14. The method of claim 11, wherein each of the birefringent lens and the second birefringent lens comprises reactive mesogens, and wherein each of the lens stack and the second lens stack comprises electrodes configured to switch the each of the lens stack and the second lens stack between different optical power states.","8. The method of claim 1, wherein the birefringent lens comprises reactive mesogens, and wherein the lens stack comprises electrodes configured to apply an electric field across the birefringent lens such that the lens stack is configured to be electrically switchable between different optical power states."
evaluated,Optical system applying different optical power depending on polarization direction relative to a birefringent optic axis,1,0,12405472-CLM-2,,,,,,,,,,2442.268311,,,,,,,,,,400,200,TRUE,1,1,1,TRUE,1,1,1,0.1,1,1,1,12405472-CLM-2,12405472-CLM-10,12405472-CLM-9,12405472-CLM-11,12405472-CLM-1,12407799-CLM-18,12405472-CLM-4,12405472-CLM-8,12405472-CLM-3,12405472-CLM-5,2442.268311,2438.9104,2338.588623,2332.946289,2262.856689,2239.62085,2216.871582,2204.261719,2188.616943,2181.233643,TRUE,FALSE,FALSE,FALSE,FALSE,FALSE,FALSE,FALSE,FALSE,FALSE,"2. The method of claim 1, wherein the birefringent lens has an optic axis and a birefringence (Δn) and is configured to exert a first optical power to light having a polarization direction parallel to the optic axis, and to exert a second optical power to light having a polarization direction perpendicular to the optic axis; and
wherein the isotropic lens has a refractive index and is configured to exert to light passing therethrough a third optical power opposite in sign as the first optical power and the second optical power.","10. The method of claim 9, wherein:
the birefringent lens has an optical axis and a birefringence (Δn) and is configured to exert a first optical power to light having a polarization direction parallel to the optic axis, and to exert a second optical power to light having a polarization direction perpendicular to the optic axis, and
the isotropic lens has a refractive index and is configured to exert to light passing therethrough a third optical power opposite in sign as at least one of the first optical power and the second optical power.","9. A method comprising:
focusing, via a head mounted augmented reality display device, virtual images at a plurality of depth planes among a real world view, the focusing including:
guiding, via a waveguide assembly, light in a lateral direction parallel to an output surface of the waveguide assembly,
outcoupling, via the waveguide assembly, the guided light through the output surface; and
receiving, via an adaptive lens assembly disposed on a first side of the waveguide assembly, outcoupled light from the waveguide assembly, and
selectively switching the adaptive lens assembly between a plurality of states having different optical powers to focus the virtual images at the plurality of plane depths among the real world view while simultaneously refocusing the real world view to appear without substantial distortion,
wherein the adaptive lens assembly comprises a lens stack configured to exert polarization-dependent optical power to linearly polarized light, the lens stack comprising a birefringent lens and an isotropic lens contacting each other, and wherein contacting surfaces of the birefringent lens and the isotropic lens form a conformal interface.","11. The method of claim 9, further comprising:
a second adaptive lens assembly disposed on a second side of the waveguide assembly opposite the first side, the second adaptive lens assembly configured to be selectively switched between a plurality of states having different optical powers and comprising:
a second lens stack configured to exert polarization-dependent optical power to linearly polarized light, wherein the second lens stack comprises a second birefringent lens and a second isotropic lens contacting each other to form a conformal interface therebetween.","1. A method comprising:
focusing, via an adaptive lens assembly of a head mounted augmented reality display device, virtual images at a plurality of depth planes among a real world view,
wherein the adaptive lens assembly comprises a lens stack supported by the head mounted augmented reality display device and is configured to exert polarization-dependent optical power to linearly polarized light,
wherein the lens stack comprises a birefringent lens and an isotropic lens contacting each other to form a conformal interface therebetween, and
wherein the focusing includes selectively switching the adaptive lens assembly between a plurality of states having different optical powers to focus the virtual images at the plurality of plane depths among the real world view while simultaneously refocusing the real world view to appear without substantial distortion.","the light reflective component comprises a plurality of optical film layers integrated together, refractive indexes of any two adjacent optical film layers are different so as to form an optical interface therebetween, and each optical interface corresponds to a wave band, different optical interfaces correspond to different wave bands, each optical interface is configured to transmit the polarized light with a wavelength within a corresponding wave band and polarized in the first polarization direction, and reflect the polarized light with a wavelength within a corresponding wave band and polarized in the second polarization direction, or each optical interface is configured to transmit the polarized light with a wavelength within a corresponding wave band and polarized in the second polarization direction, and reflect the polarized light with a wavelength within a corresponding wave band and polarized in the first polarization direction.","4. The method of claim 2, wherein the third optical power is substantially the same in magnitude as the second optical power, such that the lens stack is configured to exert substantially no optical power to light having a polarization direction perpendicular to the optic axis.","8. The method of claim 1, wherein the birefringent lens comprises reactive mesogens, and wherein the lens stack comprises electrodes configured to apply an electric field across the birefringent lens such that the lens stack is configured to be electrically switchable between different optical power states.","3. The method of claim 2, wherein the Δn corresponds to a difference between an extraordinary refractive index (ne) in a direction parallel to the optic axis of the birefringent lens and an ordinary refractive index (no) in a direction perpendicular to the optic axis of the birefringent lens, and wherein the refractive index of the isotropic lens has substantially the same value as the no of the birefringent lens.","5. The method of claim 2, wherein the lens stack is configured to exert an optical power proportional to the Δn to light having a polarization direction parallel to the optic axis."
evaluated,Semiconductor package lid with an embedded buffer layer and an etched opening aligned to die sidewalls for improved structure,1,0,12406897-CLM-1,,,,,,,,,,2161.489502,,,,,,,,,,400,200,TRUE,1,37,37,TRUE,1,2,2,0.1,1,0.630929754,0.5,12406897-CLM-9,12406897-CLM-1,12406965-CLM-16,12406897-CLM-17,12406906-CLM-15,12406965-CLM-14,12406896-CLM-3,12406965-CLM-7,12406896-CLM-10,12406965-CLM-4,2296.052002,2161.489502,2114.584473,2048.157715,2047.099243,2001.263062,1999.520264,1995.766479,1960.062134,1953.632202,FALSE,TRUE,FALSE,FALSE,FALSE,FALSE,FALSE,FALSE,FALSE,FALSE,"9. A method of forming a package structure, comprising:
forming a first die on a package substrate, wherein the first die has a first sidewall and a second sidewall opposite to each other;
forming a stiffener ring on the package substrate to surround the first die, wherein the stiffener ring has an inner sidewall facing the first die, and the inner sidewall at least has a slant sidewall facing the first sidewall of the first die;
forming a lid layer on the stiffener ring to overlay the first die; and
forming an embedded buffer in the lid layer, wherein the embedded buffer connects a first portion of the lid layer overlying the first die and a second portion of the lid layer overlying the stiffener ring, and the embedded buffer has a bottom surface higher than a bottom surface of the lid layer.","1. A method of forming a package structure, comprising:
forming a first die on a package substrate, wherein the first die has a first sidewall and a second sidewall opposite to each other;
forming a stiffener ring on the package substrate to surround the first die, wherein the stiffener ring has a first inner sidewall and a second inner sidewall opposite to each other, a first distance between the first sidewall of the first die and the first inner sidewall of the stiffener ring is less than a second distance between the second sidewall of the first die and the second inner sidewall of the stiffener ring, and the first sidewall of the first die encloses a space with the first inner sidewall of the stiffener ring;
forming a lid layer on the stiffener ring to overlay the first die;
forming an opening to penetrate through a top surface and a bottom surface of the lid layer, wherein the opening is directly over the space enclosed by the first sidewall of the first die and the first inner sidewall of the stiffener ring; and
forming a stress-relief layer in the opening.","16. A package, comprising:
a carrier substrate;
a first die disposed on the carrier substrate, comprising:
a semiconductor substrate;
a first bonding layer sandwiched between the semiconductor substrate and the carrier substrate, wherein the first bonding layer extends beyond a span of the semiconductor substrate; and
a first sub-layer and a second sub-layer over the semiconductor substrate, wherein sidewalls of the first sub-layer are aligned with sidewalls of the semiconductor substrate, and the second sub-layer extends beyond a span of the semiconductor substrate; and

a second die stacked on the first die, comprising:
a third bonding layer, wherein the third bonding layer is in physical contact with the second sub-layer.","17. A method of forming a package structure, comprising:
providing a stiffener ring, wherein the stiffener ring has an inner perimeter to enclose an accommodation area;
placing a die within the accommodation area, wherein the die is offset from a center of the accommodation area to close to a first side of the stiffener ring;
forming a lid layer to cover the stiffener ring and the die; and
forming a buffer layer in the lid layer between the first side of the stiffener ring and the die, wherein the buffer layer has a bottom surface higher than a bottom surface of the lid layer.","15. A system comprising:
a first electronic package, comprising:
a first die coupled to a package substrate, the first die having a top surface;
a second die coupled to a first portion of the top surface of the first die, the second die having a top surface;
a first mold layer over a second portion of the top surface of the first die, the first mold layer laterally adjacent to and in contact with an entirety of a sidewall of the second die, and the first mold layer having a top surface co-planar with the top surface of the second die;
a second mold layer on the package substrate, the second mold layer laterally adjacent to and in direct contact with the first mold layer, and the second mold layer having a top surface co-planar with the top surface of the first mold layer;
a through mold opening in the second mold layer, the through mold opening having a center and a top; and
a through mold interconnect in the through mold opening, the through mold interconnect having a portion above the top of the through mold opening, the portion of the through mold interconnect having a center offset from the center of the through mold opening, wherein the through mold interconnect is laterally spaced apart from both the first die and the second die; and

a second electronic package coupled to the first electronic package by the through mold interconnect, wherein the second electronic package comprises a third die, the third die vertically over the second die of the first electronic package.","14. The package of claim 11, wherein the second die further comprises:
a semiconductor substrate having a plurality of through semiconductor vias (TSV) embedded therein;
an interconnection structure over the semiconductor substrate;
a passivation layer over the interconnection structure;
a plurality of bonding vias penetrating through the passivation layer and electrically connecting the interconnection structure and the bonding pads of the third bonding layer; and
an insulating layer surrounding the semiconductor substrate, the interconnection structure, the passivation layer, and the third bonding layer.","3. The semiconductor device package of claim 1, further comprising a thermal conductive fillet formed at the semiconductor die to package substrate transition, the fillet directly contacting sidewalls of the semiconductor die and the thermal conductive structure.","7. The package of claim 3, wherein the second die further comprises:
a semiconductor substrate having a plurality of through semiconductor vias (TSV) embedded therein;
an interconnection structure over the semiconductor substrate and electrically connected to the TSVs;
a passivation layer over the interconnection structure;
a plurality of bonding vias penetrating through the passivation layer and electrically connecting the interconnection structure and the bonding pads of the third bonding layer; and
an insulating layer surrounding the semiconductor substrate, the interconnection structure, the passivation layer, and the third bonding layer.","10. The method of claim 8, further comprising forming a thermal conductive fillet at the semiconductor die to package substrate transition, the fillet directly contacting sidewalls of the semiconductor die and the thermal conductive structure.","4. The package of claim 3, wherein the first die further comprises:
a semiconductor substrate;
an interconnection structure over the semiconductor substrate;
a passivation layer over the interconnection structure;
a plurality of bonding vias penetrating through the passivation layer and electrically connecting the interconnection structure and the bonding pads of the second bonding layer; and
an insulating layer surrounding the semiconductor substrate, the interconnection structure, and the passivation layer, wherein the second bonding layer is stacked on the passivation layer, the bonding vias, and the insulating layer."
evaluated,Manufacturing step that widens the top of an opening to create a wide upper region and a narrower lower region in a lid layer,1,0,12406897-CLM-2,,,,,,,,,,2368.649902,,,,,,,,,,400,200,TRUE,1,10,10,TRUE,1,1,1,0.1,1,1,1,12406897-CLM-2,12405432-CLM-1,12402716-CLM-10,12406897-CLM-3,12408361-CLM-9,12407146-CLM-2,12402716-CLM-1,12406811-CLM-11,12408318-CLM-12,12408350-CLM-15,2368.649902,2325.229492,2307.008057,2299.381348,2272.8125,2261.017822,2245.710693,2238.135498,2234.713379,2219.869629,TRUE,FALSE,FALSE,FALSE,FALSE,FALSE,FALSE,FALSE,FALSE,FALSE,"2. The method of claim 1, further comprising: widening an upper portion of the opening to form a narrower lower opening and a wider upper opening.","1. A manufacturing method of an optical module including a package and a lid, the package having an opening to be sealed with the lid, the manufacturing method comprising:
placing the lid on the package so that the lid covers the opening;
putting a metal block on the lid, the metal block having a first surface touching a top surface of the lid;
welding the lid to the package using a seam welding machine, the first surface of the metal block touching the top surface of the lid during the welding, the metal block being configured not to interfere with the seam welding machine; and
detaching the metal block from the lid.","10. A method of transporting groceries, the method comprising:
transitioning a grocery bag holder to an open conformation, the grocery bag holder comprising:
a first support, the first support comprising:
a upper handle region, the upper handle region further comprising a handle;
a first lower portion, the first lower portion further comprising a first base area; and
a hinge region between the upper handle region and the first lower portion, wherein the upper handle region extends up above the hinge region, the hinge region further comprising at least one hinge;

a second support, the second support comprising:
a second lower portion, the second lower portion further comprising a second base area;
an upper hinge region, the upper hinge region hingedly connected to the hinge region of the first support by the at least one hinge; and

a plurality of bag suspenders adapted to hold grocery bag handles;

setting the grocery bag holder in the open conformation within a storage space of a vehicle;
hanging the handles of grocery bags on the plurality of bag suspenders; and
driving the vehicle with the groceries remaining within the grocery bags.","3. The method of claim 2, wherein the stress-relief layer is formed in the wider upper opening without extending into the narrower lower opening.","9. A method of manufacturing an integrated circuit, comprising:
forming a doped region having a first conductivity type in a semiconductor substrate;
forming a source region within the doped region, the source region having an opposite second conductivity type;
forming a drain region having the second conductivity type spaced apart from the source region;
forming a gate electrode between the source region and the drain region, the gate electrode partially overlapping the doped region;
forming a body region having the first conductivity type within the doped region;
forming a first dielectric layer that forms a closed path around the body region and is located on a top surface of the source region and a top surface of the body region and touches a junction between the source region and the body region; and
forming a second dielectric layer that laterally abuts the first dielectric layer and is located on the top surface of the source region and the top surface of the body region.","2. A manufacturing method of the vertical cavity light-emitting element according to claim 1, the method comprising:
a first multilayer film reflecting mirror forming step of forming the first multilayer film reflecting mirror on the substrate;
a semiconductor layer stacking step of stacking a GaN layer of the first conductivity type, an AlGaN layer of the first conductivity type, the light-emitting layer, and a nitride semiconductor layer of the second conductivity type opposite to the first conductivity type on the first multilayer film reflecting mirror in this order;
an etching process step of forming a mask in one region of a top surface of the nitride semiconductor layer and exposing a region including an outer edge of a top surface of the AlGaN layer by performing an etching process on another region excluding the one region of the top surface by a dry etching method while measuring an intensity of a reflected light when the other region is irradiated with a laser beam, the etching process step stopping the etching process based on a change of the intensity of the reflected light;
an electrode forming step of forming an electrode on the top surface of the AlGaN layer;
an electrode layer forming step of forming the electrode layer electrically in contact with the nitride semiconductor layer in the one region of the top surface of the nitride semiconductor layer; and
a second multilayer film reflecting mirror forming step of forming the second multilayer film reflecting mirror constituting a resonator with the first multilayer film reflecting mirror.","1. A grocery bag holder comprising:
a first support, the first support comprising:
a upper handle region, the upper handle region further comprising a handle;
a first lower portion, the first lower portion further comprising a first base area; and
a hinge region between the upper handle region and the first lower portion, wherein the upper handle region extends up above the hinge region, the hinge region further comprising at least one hinge;

a second support, the second support comprising:
a second lower portion, the second lower portion further comprising a second base area;
an upper hinge region, the upper hinge region hingedly connected to the hinge region of the first support by the at least one hinge; and

a plurality of bag suspenders adapted to hold grocery bag handles.","11. A method of manufacturing an electrical device comprising an anodic porous oxide region, the method comprising:
forming an anodizable metal layer on a metal barrier layer;
forming a trench in the anodizable metal layer around a portion of the anodizable metal layer which will include the anodic porous oxide region after anodizing, the trench reaching the metal barrier layer;
forming a liner at least on a wall of the trench on a side of a portion of the anodizable metal layer having an opening onto the anodic porous oxide region;
forming a hard mask above the trenches and the liner, having at least an opening onto the portion of the anodizable metal layer; and
anodizing the portion of the anodizable metal layer so as to obtain the anodic porous oxide region and form an electrical device that includes:
the metal barrier layer;
the anodic porous oxide region on the metal barrier layer;
the trench around the anodic porous oxide region and reaching the metal barrier laver;
the liner at least on the wall of the trench on a side of the anodic porous oxide region forming an electrical isolation barrier and having the opening onto the anodic porous oxide region; and
the hard mask arranged above the trenches and the liner having at least an opening onto the anodic porous oxide region.","12. The method of claim 7, wherein forming the opening to create the isolation region, comprises forming the isolation region with a height to width ratio of 10 nm to 1 nm.","15. A semiconductor device, comprising:
a substrate including a cell region and a peripheral region;
interconnection lines on the cell region and the peripheral region, the interconnection lines being spaced apart from a top surface of the substrate in a first direction perpendicular to the top surface of the substrate;
a lower insulating layer on the cell region and the peripheral region, the lower insulating layer covering the interconnection lines, and a top surface of the lower insulating layer on the cell region being at a lower height than a top surface of the lower insulating layer on the peripheral region;
data storage patterns on the lower insulating layer on the cell region, the data storage patterns being horizontally spaced apart from each other;
an etch stop layer and a first upper insulating layer which are sequentially stacked on the lower insulating layer on the peripheral region, the data storage patterns being horizontally spaced apart from a side surfaces of the etch stop layer and a side surface of the first upper insulating layer;
a second upper insulating layer on the lower insulating layer on the cell region and covering the data storage patterns; and
a first boundary spacer having a first side surface that is adjacent to at least one of the side surface of the etch stop layer and the side surface of the first upper insulating layer and a second side surface that is adjacent to the second upper insulating layer."
evaluated,Ceramic susceptor composition optimized for high-temperature electrical behavior while retaining strong room-temperature thermal conductivity,1,0,12404215-CLM-1,,,,,,,,,,2456.249512,,,,,,,,,,400,200,TRUE,1,5,5,TRUE,1,2,2,0.1,1,0.630929754,0.5,12404215-CLM-7,12404215-CLM-1,12408304-CLM-1,12404411-CLM-14,12404588-CLM-1,12405068-CLM-3,12404215-CLM-2,12404831-CLM-2,12362122-CLM-6,12362122-CLM-1,2483.101807,2456.249512,2265.166748,2228.17041,2061.468262,2002.912354,1990.69812,1967.008667,,,FALSE,TRUE,FALSE,FALSE,FALSE,FALSE,FALSE,FALSE,FALSE,FALSE,"7. The ceramic susceptor according to claim 2, wherein the ceramic susceptor has a volumetric resistance rate of 1.0E+10 to 1.0E+13 Ω·cm at 500° C. and a thermal conductivity of 40 to 60 W/m·k at room temperature.","1. A ceramic susceptor which comprises alumina (Al2O3); and
aluminum nitride (AlN), and which does not comprise a secondary phase including an aluminum oxynitride phase (AlON phase),
wherein a content of the alumina is in excess of 68% by weight and less than 95% by weight, and a content of the aluminum nitride is in excess of 5% by weight and less than 32% by weight,
wherein the ceramic susceptor has a volumetric resistance rate of 1.0E+10 to 1.0E+13 Ω·cm at 500° C. and a thermal conductivity of 30 to 60 W/m·k or more at room temperature, and
wherein the ceramic susceptor further comprises yttria (Y2O3) in an amount of 0.05 to 0.5 parts by weight, based on a total weight of 100 parts by weight of the alumina and the aluminum nitride.","the heat dissipation rack is fixed with the bottom board; and the heat dissipation rack is located below the PCB; the bottom board is made of a first high-temperature resistant material; the first high-temperature resistant material is aluminum, which has a temperature resistant range up to 200° C.; the heat dissipation rack, the frame body, the PCB and the top cover are made of a second high-temperature resistant material; the second high-temperature resistant material is ceramic, which has a temperature resistance range of 200° C.-300° C.; the switch component is a carbonized Metal Oxide Semiconductor (mos) field-effect transistor; and a pin of the switch component is connected with the PCB.","14. The composition of claim 10, wherein the composition exhibits an electrical resistivity of at least 13×10−5 ohm·cm, a thermal conductivity of at least 8 W/mK, and chemical stability at room temperature.","1. A process for manufacturing a substrate coated with an abradable layer, the substrate being a turbomachine part and the process comprising:
forming the abradable layer on a surface of the substrate comprising a powder composition comprising at least micrometric ceramic particles having a number-average form factor greater than or equal to 3, a mass content of said micrometric ceramic particles in the powder composition being greater than or equal to 85%, the form factor of a particle being defined as the ratio [largest dimension of the particle]/[largest cross-sectional dimension of the particle], by heating said micrometric ceramic particles, as well as any nanometric ceramic particles that may be present to a first temperature T1 greater than or equal to 600° C. and while the assembly is brought to this first temperature T1, increasing a compression pressure until it reaches, at a first time t1, a plateau at a value Pc which corresponds to the compression pressure that will be applied during the sintering of the powder composition; then

increasing the temperature of the powder composition and the substrate to the sintering temperature Tf reached at a second time t2; then
maintaining the sintering temperature Tf and the compression pressure Pc until the third time t3 to obtain the abradable layer,
wherein a temperature imposed during sintering, the sintering time and the compression pressure applied are selected so as to obtain a volume porosity rate of the abradable layer greater than or equal to 20%.","3. The device claimed in claim 1, wherein the crucible has a thermal conductivity of 100-750 W/mK at temperature of 25° C.","2. The ceramic susceptor according to claim 1, wherein the ceramic susceptor further comprises any one or more dopant of magnesium oxide (MgO), graphene, and a rare earth complex oxide.","2. The thermal energy storage system of claim 1, wherein the piston location is determined based on a detection of a high temperature differential between at least two of the plurality of temperature sensors.","6. The thermal-mechanical fatigue assessment system of claim 3, wherein the controller is configured to identify a type of fault in the electrical power system based on at least one of the temperature differential of the input fuse element temperatures, the mean temperature of the input fuse element temperatures over time, and the estimated service life of the electrical fuse.","1. A thermal-mechanical fatigue assessment system comprising:
an electrical conductor having a cold resistance and a non-linear resistance when connected to an energized electrical power system;
an arc quenching medium; and
a controller operable to estimate a service life of the electrical conductor based on the cold resistance of the electrical conductor and input fuse element temperatures of the electrical conductor over time, wherein the input fuse element temperatures include temperatures estimated for the electrical conductor based on current readings of the electrical conductor, ambient temperatures corresponding to the electrical conductor, a temperature differential between the electrical conductor and the arc quenching medium, and a temperature differential between the electrical conductor and the ambient temperature."
evaluated,"Ceramic susceptor formulation that includes selected dopants such as MgO, graphene, or rare-earth complex oxides to tune properties",1,0,12404215-CLM-2,,,,,,,,,,3130.206299,,,,,,,,,,400,200,TRUE,1,1,1,TRUE,1,1,1,0.1,1,1,1,12404215-CLM-2,12404215-CLM-10,12404215-CLM-6,12404215-CLM-5,12404215-CLM-4,12406807-CLM-12,12407144-CLM-12,12404590-CLM-1,12403217-CLM-1,12404210-CLM-11,3130.206299,3103.191895,2912.749756,2749.64209,2748.202393,2628.157715,2626.802979,2541.562988,2522.316895,2469.962891,TRUE,FALSE,FALSE,FALSE,FALSE,FALSE,FALSE,FALSE,FALSE,FALSE,"2. The ceramic susceptor according to claim 1, wherein the ceramic susceptor further comprises any one or more dopant of magnesium oxide (MgO), graphene, and a rare earth complex oxide.","10. The method for manufacturing the ceramic susceptor according to claim 8, which comprises further adding and mixing at least one dopant of magnesium oxide, graphene, and a rare earth complex oxide in the step a).","6. The ceramic susceptor according to claim 2, wherein the dopant comprises magnesium oxide, graphene and rare earth complex oxide; and wherein the magnesium oxide is comprised in an amount of 0.05 to 0.5 parts by weight, the graphene is comprised in an amount of 0.05 to 0.5 parts by weight, and the rare earth complex oxide is comprised in an amount of 0.05 to 0.5 parts by weight, based on the total weight of 100 parts by weight of the alumina and the aluminum nitride.","5. The ceramic susceptor according to claim 2, wherein the dopant comprises magnesium oxide and graphene; and wherein the magnesium oxide is comprised in an amount of 0.05 to 0.5 parts by weight, and the graphene is comprised in an amount of 0.05 to 0.5 parts by weight, based on the total weight of 100 parts by weight of the alumina and the aluminum nitride.","4. The ceramic susceptor according to claim 2, wherein the dopant comprises magnesium oxide and graphene; and wherein the magnesium oxide is comprised in an amount of 0.05 to 0.5 parts by weight, and the graphene is comprised in an amount of 0.05 to 0.5 parts by weight, based on the total weight of 100 parts by weight of the alumina and the aluminum nitride.","12. The multilayer ceramic capacitor according to claim 11, wherein each of the plurality of dielectric layers includes Mg, Si, Mn, rare earth elements, Al, Ni, or V as a subcomponent.","12. The optical fiber assembly of claim 11, wherein the core glass material is silica glass, and the at least one core dopant comprises germanium oxide, aluminum oxide, phosphorus oxide, fluorine, a rare-earth oxide, or any combination thereof.","1. A method of providing corrosion protection to an anodized metal comprising:
providing a metal having an anodization layer wherein the anodization layer includes a barrier portion;
contacting the anodization layer with a first solution at a first temperature to seal the barrier portion; and
contacting the anodization layer with the sealed barrier portion with a second solution at a second temperature to deposit a precipitated rare earth compound in the anodization layer with the sealed barrier portion;
wherein the first solution includes a transition metal oxyanion and has a pH of 3 to 6 wherein the transition metal oxyanion comprises one or more of tungstate, molybdate, vanadate, chromate, and dichromate and the second solution includes a trivalent rare earth cation;
further comprising rinsing the anodization layer with the sealed barrier portion before contacting it with the second solution, and wherein the rinsing occurs at a temperature of 10 to 35° C. for 0.5 to 5 minutes;
wherein the second solution has a rare earth cation concentration greater than or equal to 1 mM and less than or equal to 50 mM and wherein the second solution further comprises 10 to 100 mM of an oxidant, and
wherein the trivalent rare earth cation includes one or more of the following cations: Pr3+, Nd3+, Sm3+, Eu3+, Gd3+, Tb3+, Dy3+, Ho3+, Er3+, Tm3+, Yb3+, Lu3+, Y3+, and Sc3±.","1. A biodegradable implant comprising a magnesium or zinc alloy product coated on its surface with a coating layer comprising at least three substances being
a. a metal oxide of a metal selected from rare-earth elements, Mg, Ca, Zn, Zr, Cu, Sr, Li, Mn or Ag; and/or
b. a metal phosphate of a metal selected from rare-earth elements, Mg, Ca, Zn, Zr, Cu, Sr, Li, Mn or Ag;
wherein the magnesium alloy is selected form the group consisting of a magnesium silver alloy (Mg—Ag), a Mg—Y-RE alloy containing yttrium and at least one additional rare earth element (RE), and a magnesium alloy comprising calcium and zinc, or
wherein the zinc alloy is a selected from the group consisting of a zinc-magnesium alloy with the addition of calcium (Zn—Ca—Mg or Zn—Mg—Ca), a zinc-silver alloy (Zn—Ag) with or without the addition of magnesium (Zn—Ag—Mg or Zn—Mg—Ag), a zinc-strontium alloy with the addition of magnesium (Zn—Sr—Mg or Zn—Mg—Sr), a zinc-lithium alloy with or without the addition of magnesium (Zn—Li—Mg) or (Zi—Mg—Li), a zinc-calcium alloy with the addition of magnesium (Zn—Ca—Mg or Zn—Mg—Ca), and a zinc-manganese alloy (Zn—Mn) with or without the addition of magnesium (Zn—Mn—Mg or Zn—Mg—Mn).","11. The at least partially crystallized glass of claim 10, wherein the chain silicate is in the form of a chain silicate comprising alkaline earth oxide and having a pyroxene structure, and wherein the alkaline earth oxide comprises CaO and MgO."
